Brand,Model,Part Type,Part Subtype,Part Number,Description,Price,Source,Compatible Machines
"Kubota","undefined","undefined","","undefined","","","",""
"CAT","undefined","undefined","","undefined","","","",""
"Bobcat","undefined","undefined","","undefined","","","",""
"Bobcat","undefined","undefined","","undefined","","","",""
"Kubota","undefined","undefined","","undefined","","","",""
"Kubota","undefined","undefined","","undefined","","","",""
"CAT","undefined","undefined","","undefined","","","",""
"CAT","undefined","undefined","","undefined","","","",""
"CAT","undefined","undefined","","undefined","","","",""
"Bobcat","undefined","undefined","","undefined","","","",""