Brand,Total Models,With Track Sizes,With Bottom Rollers,With Sprockets,With Idlers,With Carrier Rollers
"A.X.I.","1","1","0","0","0","0"
"ACM","1","1","0","0","0","0"
"ALLEN","2","2","0","0","0","0"
"ALLtrack","2","2","0","0","0","0"
"ASV","23","23","0","0","0","0"
"ATN","5","5","0","0","0","0"
"Abbati","2","2","0","0","0","0"
"Aces","1","1","0","0","0","0"
"Active","3","3","0","0","0","0"
"Agri","1","1","0","0","0","0"
"Aichi","8","8","0","0","0","0"
"Airman","99","99","0","0","0","0"
"Airman-Foredil","5","5","0","0","0","0"
"Almac","9","9","0","0","0","0"
"Amerequip Eagle","1","1","0","0","0","0"
"American Direction Drill","6","6","0","0","0","0"
"Ammann","2","2","0","0","0","0"
"Andreoli","1","1","0","0","0","0"
"Angel","3","3","0","0","0","0"
"Antec","3","3","0","0","0","0"
"Apageo","3","3","0","0","0","0"
"Aros China","1","1","0","0","0","0"
"Astec","1","1","0","0","0","0"
"Atex","2","2","0","0","0","0"
"Athena","1","1","0","0","0","0"
"Atlas","32","32","0","0","0","0"
"Ausa","10","10","0","0","0","0"
"Avant Tecno","2","2","0","0","0","0"
"Awasi","1","1","0","0","0","0"
"BOART LONGYEAR","2","2","0","0","0","0"
"Babyack","2","2","0","0","0","0"
"Bandit","2","2","0","0","0","0"
"Baraladi","8","8","0","0","0","0"
"Baratti","1","1","0","0","0","0"
"Barreto","7","7","0","0","0","0"
"Bastei","1","1","0","0","0","0"
"Belle","1","1","0","0","0","0"
"Bellon Maria","1","1","0","0","0","0"
"Benassi","3","3","0","0","0","0"
"Benati","3","3","0","0","0","0"
"Benfra","5","5","0","0","0","0"
"Bentrac","2","2","0","0","0","0"
"Beretta","14","14","0","0","0","0"
"Bergmann","1","1","0","0","0","0"
"Bertani","1","1","0","0","0","0"
"Bertolini","1","1","0","0","0","0"
"Betram","1","1","0","0","0","0"
"Bitelli","1","1","0","0","0","0"
"Bluelift","1","1","0","0","0","0"
"Bobcat","169","156","108","17","0","0"
"Bonne Esperance","3","3","0","0","0","0"
"Bormor","2","2","0","0","0","0"
"Boxer","11","11","0","0","0","0"
"Brokk","23","23","0","0","0","0"
"C & F","2","2","0","0","0","0"
"CARAVAGGI","1","1","0","0","0","0"
"CASE","129","129","0","0","0","0"
"CAT","208","180","81","33","17","0"
"CEASER","8","8","0","0","0","0"
"CELA","4","4","0","0","0","0"
"CFC","7","7","0","0","0","0"
"CMC","3","3","0","0","0","0"
"CME","2","2","0","0","0","0"
"Cameca","1","1","0","0","0","0"
"Camisa","6","6","0","0","0","0"
"Cams Libra","17","17","0","0","0","0"
"Carlton","3","3","0","0","0","0"
"Carmix","3","3","0","0","0","0"
"Carrier","2","2","0","0","0","0"
"Casorzo","2","2","0","0","0","0"
"Celli","1","1","0","0","0","0"
"Chieftan","7","7","0","0","0","0"
"Chikusui/Canycom","39","39","0","0","0","0"
"Collina","5","5","0","0","0","0"
"Coltrax","3","3","0","0","0","0"
"Comacchio","2","2","0","0","0","0"
"Comeca","1","1","0","0","0","0"
"Comet","3","3","0","0","0","0"
"Commander","2","2","0","0","0","0"
"Comoter","2","2","0","0","0","0"
"Compair Holman","1","1","0","0","0","0"
"Conjet","1","1","0","0","0","0"
"Cormidi","31","31","0","0","0","0"
"DLGZ","1","1","0","0","0","0"
"Daewoo","30","30","0","0","0","0"
"Dimex","1","1","0","0","0","0"
"Dino","1","1","0","0","0","0"
"Ditch-Witch","42","42","0","0","0","0"
"Dodich","1","1","0","0","0","0"
"Domine","1","1","0","0","0","0"
"Doosan","18","18","0","0","0","0"
"Drago","1","1","0","0","0","0"
"Dumec","5","5","0","0","0","0"
"Durso","13","13","0","0","0","0"
"Dynapac","7","7","0","0","0","0"
"EFCO","1","1","0","0","0","0"
"EMCI","1","1","0","0","0","0"
"Eckart","2","2","0","0","0","0"
"Ecofore","2","2","0","0","0","0"
"Electro Joe","1","1","0","0","0","0"
"Energreen","1","1","0","0","0","0"
"Enteco","1","1","0","0","0","0"
"Erreppi","1","1","0","0","0","0"
"EuroCAT","3","3","0","0","0","0"
"EuroTrac","11","11","0","0","0","0"
"EurocoMach","50","50","0","0","0","0"
"Eurodig","16","16","0","0","0","0"
"Eurofor","1","1","0","0","0","0"
"Eurotom","13","13","0","0","0","0"
"FAI","8","8","0","0","0","0"
"FIGO","1","1","0","0","0","0"
"FORT","1","1","0","0","0","0"
"Falcon Spider","1","1","0","0","0","0"
"Fercad","1","1","0","0","0","0"
"Fermec","14","14","0","0","0","0"
"Fiat-Hitachi","15","15","0","0","0","0"
"Fiori","7","7","0","0","0","0"
"Foredil","8","8","0","0","0","0"
"Forti","1","1","0","0","0","0"
"Fraste","4","4","0","0","0","0"
"Gayk","2","2","0","0","0","0"
"Geawelltech","1","1","0","0","0","0"
"Gehl","43","43","0","0","0","0"
"Gehlmax","30","30","0","0","0","0"
"Geier","3","3","0","0","0","0"
"Gelai & Castegnaro","1","1","0","0","0","0"
"Genie","3","3","0","0","0","0"
"Geoprobe","3","3","0","0","0","0"
"Goman","3","3","0","0","0","0"
"Green Mech","2","2","0","0","0","0"
"Green Technik","1","1","0","0","0","0"
"Grillo","3","3","0","0","0","0"
"Grundohit","3","3","0","0","0","0"
"HCC","4","4","0","0","0","0"
"HOEFLON","1","1","0","0","0","0"
"Hades","1","1","0","0","0","0"
"Haihong","1","1","0","0","0","0"
"Hainzl","1","1","0","0","0","0"
"Hanix","81","81","0","0","0","0"
"Hansa","1","1","0","0","0","0"
"Hanta","1","1","0","0","0","0"
"Haulotte","1","1","0","0","0","0"
"Hematec","2","2","0","0","0","0"
"Hengte","1","1","0","0","0","0"
"Hiab","1","1","0","0","0","0"
"Hinowa","110","110","0","0","0","0"
"Hitachi","230","230","0","0","0","0"
"Hokuetsu","8","8","0","0","0","0"
"Holmac","10","10","0","0","0","0"
"Holman","1","1","0","0","0","0"
"Holmed","1","1","0","0","0","0"
"Honda","12","12","0","0","0","0"
"Huki","9","9","0","0","0","0"
"Husqvarna","5","5","0","0","0","0"
"Hutte","1","1","0","0","0","0"
"Hutter","1","1","0","0","0","0"
"Hydra","3","3","0","0","0","0"
"Hydramac","2","2","0","0","0","0"
"Hydro Rain","1","1","0","0","0","0"
"Hyundai","27","27","0","0","0","0"
"ICE(Internationalstruction Equipment INC","1","1","0","0","0","0"
"IHI","221","221","0","0","0","0"
"INOVA","1","1","0","0","0","0"
"Imai","2","2","0","0","0","0"
"Imef","13","13","0","0","0","0"
"Imer","5","5","0","0","0","0"
"Italmec","1","1","0","0","0","0"
"JCB","89","89","0","0","0","0"
"JIEHE","1","1","0","0","0","0"
"JLG","9","9","0","0","0","0"
"Jekko","3","3","0","0","0","0"
"John Deere","64","52","46","0","0","0"
"Joly","1","1","0","0","0","0"
"Kaidi","3","3","0","0","0","0"
"Kato","11","11","0","0","0","0"
"Kato-Imer","6","6","0","0","0","0"
"Kawasaki","2","2","0","0","0","0"
"Kobelco","130","130","0","0","0","0"
"Komatsu","253","253","0","0","0","0"
"Kubota","291","274","84","53","0","0"
"Link-Belt","2","2","0","0","0","0"
"MBU","2","2","0","0","0","0"
"Macanizacion Y Mineria Sa","2","2","0","0","0","0"
"Macmoter","6","6","0","0","0","0"
"Madro","2","2","0","0","0","0"
"Maeda","4","4","0","0","0","0"
"Manitou","8","8","0","0","0","0"
"Massey Ferguson","10","10","0","0","0","0"
"Maweco","6","6","0","0","0","0"
"Maxima","1","1","0","0","0","0"
"Mc Connel","1","1","0","0","0","0"
"Mc Elory","5","5","0","0","0","0"
"Mecalac","3","3","0","0","0","0"
"Mecanica Benassi","3","3","0","0","0","0"
"Mecbo","1","1","0","0","0","0"
"Meinl","1","1","0","0","0","0"
"Menzi Muck","2","2","0","0","0","0"
"Merlo","6","6","0","0","0","0"
"Mertz","2","2","0","0","0","0"
"Messersi","40","40","0","0","0","0"
"Mini Mustang","1","1","0","0","0","0"
"Minicarrier","4","4","0","0","0","0"
"Minidig","3","3","0","0","0","0"
"Mintrac","6","6","0","0","0","0"
"Mira","1","1","0","0","0","0"
"Mitsubishi","16","16","0","0","0","0"
"Monitor","2","2","0","0","0","0"
"Mopas","1","1","0","0","0","0"
"Morath","1","1","0","0","0","0"
"Morooka","16","16","0","0","0","0"
"Multidrill","4","4","0","0","0","0"
"Multitel","1","1","0","0","0","0"
"Mustang","59","59","0","0","0","0"
"Nagano","13","13","0","0","0","0"
"Nagano Highland","3","3","0","0","0","0"
"Nante","7","7","0","0","0","0"
"Navago","1","1","0","0","0","0"
"Navigator","1","1","0","0","0","0"
"Nemag","1","1","0","0","0","0"
"Nemek","2","2","0","0","0","0"
"New Holland","83","83","0","0","0","0"
"Nibbi","5","5","0","0","0","0"
"Nifty","2","2","0","0","0","0"
"Nihon Flex","1","1","0","0","0","0"
"Nihon Freki","1","1","0","0","0","0"
"Niko","13","13","0","0","0","0"
"Nissan","36","36","0","0","0","0"
"Pagani Geotechnical Equipment","3","3","0","0","0","0"
"Palazzani","9","9","0","0","0","0"
"Paus-Hermann","4","4","0","0","0","0"
"Pauselli","2","2","0","0","0","0"
"Pazzaglia","9","9","0","0","0","0"
"Peljob","46","46","0","0","0","0"
"Penta Moter","7","7","0","0","0","0"
"Pezzolato","1","1","0","0","0","0"
"Picchio","2","2","0","0","0","0"
"Piccini","7","7","0","0","0","0"
"Platform Basket","10","10","0","0","0","0"
"Platinum Lift","1","1","0","0","0","0"
"Porello","1","1","0","0","0","0"
"Porrello","2","2","0","0","0","0"
"Positrack","1","1","0","0","0","0"
"Powerfab","9","9","0","0","0","0"
"Powerpac","2","2","0","0","0","0"
"Pressoil","1","1","0","0","0","0"
"Putzmeister","1","1","0","0","0","0"
"QIYUN","1","1","0","0","0","0"
"RHINOCEROS","3","3","0","0","0","0"
"Rampicar","14","14","0","0","0","0"
"Ramrod","1","1","0","0","0","0"
"Rayco","6","6","0","0","0","0"
"Raymar","7","7","0","0","0","0"
"Renders","1","1","0","0","0","0"
"Riebsamen","1","1","0","0","0","0"
"Rock","1","1","0","0","0","0"
"Rocky Rapid","1","1","0","0","0","0"
"Rolatec","1","1","0","0","0","0"
"Rossi","2","2","0","0","0","0"
"Rotomax","1","1","0","0","0","0"
"Rufener","6","6","0","0","0","0"
"SDP Manufacturing","2","2","0","0","0","0"
"SMC","8","8","0","0","0","0"
"SUP","1","1","0","0","0","0"
"Sacet","1","1","0","0","0","0"
"Samsung","3","3","0","0","0","0"
"Sandqueen Uk","1","1","0","0","0","0"
"Sany","7","7","0","0","0","0"
"Sato","9","9","0","0","0","0"
"Satvia","3","3","0","0","0","0"
"Scattrack","14","14","0","0","0","0"
"Schaefer","1","1","0","0","0","0"
"Schaeff","29","29","0","0","0","0"
"Sedidrill","4","4","0","0","0","0"
"Senic","2","2","0","0","0","0"
"Sequani","1","1","0","0","0","0"
"Shibura","1","1","0","0","0","0"
"Shin-Towa","11","11","0","0","0","0"
"Showa Aircraft","1","1","0","0","0","0"
"Sicocu","1","1","0","0","0","0"
"Sika","1","1","0","0","0","0"
"Silea","1","1","0","0","0","0"
"Silla","3","3","0","0","0","0"
"Slane","1","1","0","0","0","0"
"Slane International","2","2","0","0","0","0"
"Smac","2","2","0","0","0","0"
"So.Ca.Ce","1","1","0","0","0","0"
"Socomafor","3","3","0","0","0","0"
"Soma","2","2","0","0","0","0"
"Stanley","1","1","0","0","0","0"
"Stenuick","2","2","0","0","0","0"
"Straightline","1","1","0","0","0","0"
"Streck","1","1","0","0","0","0"
"Sumitomo","89","89","0","0","0","0"
"Sunward","26","26","0","0","0","0"
"Supertoy","1","1","0","0","0","0"
"TAIANLUYUE","1","1","0","0","0","0"
"TCP","2","2","0","0","0","0"
"TECOINSA","1","1","0","0","0","0"
"TES","1","1","0","0","0","0"
"TRACCESS","1","1","0","0","0","0"
"TRS","1","1","0","0","0","0"
"TZ","1","1","0","0","0","0"
"Tadano","2","2","0","0","0","0"
"Takeuchi","113","103","52","7","0","0"
"Tanaka","1","1","0","0","0","0"
"Taylorst. Plant","3","3","0","0","0","0"
"Tecniwell","1","1","0","0","0","0"
"Tekna","8","8","0","0","0","0"
"Terex","31","31","0","0","0","0"
"Terra Jet","3","3","0","0","0","0"
"Terramac","1","1","0","0","0","0"
"Terramite","2","2","0","0","0","0"
"Tescar","1","1","0","0","0","0"
"Thomas","14","14","0","0","0","0"
"Tifermec","1","1","0","0","0","0"
"Top Steel","5","5","0","0","0","0"
"Top Tec","1","1","0","0","0","0"
"Topcat","1","1","0","0","0","0"
"Track Star","3","3","0","0","0","0"
"Trackbull","1","1","0","0","0","0"
"Trak","2","2","0","0","0","0"
"Traklift","1","1","0","0","0","0"
"Trax","1","1","0","0","0","0"
"Traxmax","2","2","0","0","0","0"
"Turchi","4","4","0","0","0","0"
"Unic","15","15","0","0","0","0"
"Unimov","1","1","0","0","0","0"
"Unkauf","1","1","0","0","0","0"
"Upright","1","1","0","0","0","0"
"Utex","1","1","0","0","0","0"
"VIMALFIRE","1","1","0","0","0","0"
"Velcodrill","1","1","0","0","0","0"
"Venieri","4","4","0","0","0","0"
"Vermeer","45","45","0","0","0","0"
"Vnk Crane Europe","1","1","0","0","0","0"
"Volvo","59","59","0","0","0","0"
"WAMET","4","4","0","0","0","0"
"Wacker Neuson","173","173","0","0","0","0"
"Wyssen","1","1","0","0","0","0"
"XCMG","1","1","0","0","0","0"
"Yamaguchi / Winbull","21","21","0","0","0","0"
"Yanmar","207","207","0","0","0","0"
"Ygry","8","8","0","0","0","0"
"Yuchai","19","19","0","0","0","0"
"Yutani","5","5","0","0","0","0"
"Zavattini","1","1","0","0","0","0"
"Zeppelin","13","13","0","0","0","0"
"Zhenyu","1","1","0","0","0","0"
"Zntsis Brzesko","1","1","0","0","0","0"