Track Size,Machine Count,Sample Machines (first 5)
"230x72x43","292","Agri DM10; Almac BIEASY1,5; Angel WY1.3; Antec A12B; Antec A14sa"
"180x72x37","235","ALLEN AT14F; Abbati BBT954-5.16; Airman AX08; Airman AX08-02; Airman AX08-2KT"
"300x52.5x80","234","Airman AX26U-6; Airman AX27U-4; Atlas 604.2; Atlas CT30N; Bobcat 331D"
"300x52.5x84","216","A.X.I. FR300AA; ACM ME040; Aichi FR300; American Direction Drill DD4; Angel WY3.5"
"400x72.5x74","210","Airman AX50U-4; Airman AX52UCGL-5; Airman AX55U-6A; Airman AX58; Airman AX58MU"
"400x72.5x72","208","Airman AX40; Airman AX40-2; Airman AX40U; Airman AX40U-4; Airman AX40UR-1"
"230x48x66","163","Airman AX17; Airman AX17 - 2; Airman AX17 - 2N; Airman AX17CGL-2N; Airman AX16-2"
"230x96x33","155","Airman AX17; Airman AX17 - 2; Airman AX17 - 2N; Airman AX17CGL-2N; Airman AX16"
"180x72x34","118","Atlas CT045; Babyack Babyack2; Beretta T21; Bertolini Mini-excavator; Boxer TL224"
"230x48x70","113","Airman AX17U; Airman AX19U; CASE CX14; CASE CX14ZTS; CASE CX15STC"
"230x48x62","102","Airman AX12; Airman AX12-2; Airman AX15; Airman AX15U; Airman AX15-2"
"300x52.5x76","102","Airman AX20-3; Airman AX20UR; Airman AX25; Airman AX25-1; Airman AX25-2"
"300x52.5x74","97","Atlas AM29R; Atlas CT27N; Ausa MH25; Bobcat 325; Bobcat 328"
"300x52.5x82","94","Airman AX30; Airman AX30-1; Airman AX30-2; Airman AX30-3; Airman AX30UR-3"
"300x109x41","94","Atlas CT35N; CASE CK36; Dimex DBM0511; FAI 230; FAI 235"
"230x96x31","93","Airman AX12; Airman AX12-2; Airman AX15; Airman AX15U; Airman AX15-2"
"300x52.5x78","92","Airman AX27; Airman AX27U; Airman AX29UCGL; Airman-Foredil AX29U; Angel WY2.5"
"450x81x76","91","Bobcat E80; Bobcat E85; CASE CX75SR; CASE CX80; CASE CX80C"
"400x73x74","84","Airman AX50U-4; Airman AX58MU; American Direction Drill DD6; American Direction Drill DD8; Bobcat 337"
"250x72x52","66","Apageo 450; Apageo 580; Benfra 9.02B; Beretta T43/2; Bitelli BB611C"
"300x52.5x72","63","Airman AX18-2; Airman AX22; Airman AX22-1; Airman AX22-2; Airman AX22CGL"
"300x52.5x86","63","Airman AX30-1; Airman AX30U-4; Airman AX35U; Airman AX35U-4; Airman AX36U"
"250x52.5x76","62","Airman AX20UR; Airman AX25; Airman AX25-1; Airman AX25-2; Airman AX30UR-1"
"200x72x42","58","Aichi RM040; Aichi RV040; Aichi RV041; Aichi RV04A; Airman HM10"
"180x72x36","57","Airman HM07S; Barreto 1824TK; Barreto 2024RTK; Barreto 2036RTK; Barreto 2324RTK"
"230x72x42","56","Aichi RV04A; Atlas 120AB; Atlas AR100; Atlas AR120; Atlas CT120"
"300x55x78","53","Brokk 330; Brokk 400; Cams Libra 229S; Cams Libra 234S; Eurotom NB30"
"400x73x72","50","Airman AX40U-4; Airman AX50-3; CASE CK50; CAT 304.5; CAT 304CR"
"300x109x39","50","Atlas 604.2; Atlas CT30N; CASE CK32; CAT MX35; Daewoo AH30"
"250x72x45","50","Avant Tecno Dumper1500; Baraladi FB203; Bobcat MT100; Bobcat MT85; Bobcat X220"
"230x96x35","48","Airman AX17U; Cams Libra 219RSV; Daewoo Solar015Plus; Daewoo Solar018; Daewoo Solar018VT"
"320x86x52","44","Bobcat 864; Bobcat S150; Bobcat S160; Bobcat S175; Bobcat S185"
"300x55x82","43","A.X.I. FR300AA; ACM ME040; Aichi FR300; Angel WY3.5; CEASER ES400"
"400x72.5x73","42","CASE CX47; CASE CX50; CASE CX50B; CASE CX50BMC; CASE CX50BMR"
"300x52.5x88","41","American Direction Drill DD3; CASE CX31B; CASE CX36; CASE CX36BMC; CASE CX36BMR"
"450x71x82","41","CASE 9007Alliance; CAT 307; CAT 307A; CAT 307B; CAT 307C"
"400x72.5x76","40","Ammann AMX65; Bandit 19XP; Bobcat E60; Bobcat E62; Bobcat E63"
"230x72x45","40","Avant Tecno Dumper1200; Benati M16; Bentrac M16; Bertani C75; Bobcat 320"
"450x86x60","40","Bobcat 873; Bobcat 883; Bobcat S220; Bobcat S250; Bobcat S300"
"230x72x47","40","Camisa TR635; Chikusui/Canycom BFG1005; Comet MT13BB; Huki 110; IHI 10Z"
"450x86x56","39","Bobcat 863; CASE 430; CASE 440; CASE 60XT; CASE 70XT"
"300x109x38","38","CASE 28; CASE 28Maxi; CASE CK28; CASE CX28; Fermec 125"
"230x96x32","37","ATN ATN | PIAF450; ATN ATN | PIAF560; EuroTrac chasis T150; EurocoMach E1500S; EurocoMach ES180-2"
"230x48x64","36","ATN ATN | PIAF450; ATN ATN | PIAF560; EuroTrac chasis T150; EurocoMach E1500S; EurocoMach ES180-2"
"450x71x86","36","Atlas 805R; Ausa MH75; Awasi 75-6; BOART LONGYEAR DeltaBase420; BOART LONGYEAR DeltaBase430"
"300x55x81","35","Bobcat E35I; FAI 230; FAI 235; FAI 240; Komatsu PC20-2"
"400x74x72","34","CASE CX47; CASE CX50; CASE CX50B; CASE CX50BMC; CASE CX50BMR"
"180x72x39","33","Bobcat 418; Bobcat 418A; Bobcat E08; Bobcat E10; Bobcat E10Z"
"450x81x78","33","CAT 308CCR; CAT 308CSR; CAT 308DCRSB; CAT 308E2CR; CAT 308ECRSB"
"400x75.5x74","33","Gehl Z45; Komatsu PC40FR-2; Komatsu PC50FR-2; Mustang 450ZNXT2; Yanmar B40VIO"
"300x55x72","32","Atlas AM29R; Brokk 260; Brokk 280; Cams Libra 214; EurocoMach ES300"
"190x72x37","32","Babyack Babyack1; Baratti Scorpio; Bergmann Dumper; CELA Spider120; Comet MT13AB"
"300x109x40","30","Airman HM30SGZ; CASE 31; CASE 31Maxi; CASE CK31; CASE CX31"
"400x86x52","30","Bobcat S150; Bobcat S160; Bobcat S175; Bobcat S185; Bobcat S205"
"450x83.5x74","30","Gehl Z80; Hyundai Robex80CR-9; Komatsu PC60-6; Komatsu PC75-2; Komatsu PC75uu-1"
"230x48x72","29","Bobcat E20; Bobcat E20Z; CAT 301.7D; CAT 301.7DCR; Gehl 153"
"300x52.5x90","29","CAT 303.5CCR; CAT 303.5DCR; CAT 303.5E2CR; CAT 303.5ECR; CAT 303CCR"
"320x86x54","28","CASE 40XT; CASE 410; CASE 420; CASE 440; CASE 60XT"
"180x60x37","27","Aces HTC500; Active PT1460; Benassi M450H; Benassi M550H; Chikusui/Canycom BFP501"
"180x72x38","27","Atex XC750D; Ausa MH08; Bobcat 316; Bobcat X316; EurocoMach ES90ZT"
"500x92x78","27","Bobcat 444; Bobcat X444; Bobcat ZX125; CAT 311B; CAT 311BSR"
"450x86x55","27","Bobcat T250; Bobcat T250H; Bobcat T300; Bobcat T300H; Bobcat T320"
"450x86x58","27","Bobcat T830; Bobcat T86; Bobcat T870; CASE 435; CASE 445"
"300x109x37","26","Gehlmax MB253; Hitachi EX26; Hitachi EX27; IHI IS20LX; IHI IS27"
"180x60x34","25","Active PT1320; Baraladi Granello; Bellon Maria Monkey; Bertolini Mini-excavator; Chikusui/Canycom BFP402"
"200x72x40","25","CFC SpeedTapiro Old; Camisa 680; Compair Holman MTRAX; Gehlmax DR600; IHI 12VXE"
"200x72x39","24","Atex XG450M; Chikusui/Canycom GC41; Chikusui/Canycom GC42; Cormidi C100; JIEHE JHZA-25"
"375x86x54","24","CASE 40XT; CASE 410; CASE 420; CASE 440; CASE 60XT"
"230x96x36","24","CAT 301.7D; CAT 301.7DCR; Gehl 153; Gehl GE153; Gehl GE222"
"230x72x48","24","Chikusui/Canycom CC1000; Cormidi 20.150; Cormidi C20.150; Geier 40S; Imef HE18"
"300x55x77","24","Comacchio GEO305; Komatsu PC25R; Komatsu PC25R-8; Komatsu PC27; Komatsu PC27R-8"
"180x72x35","24","Hinowa HP850B/A; Hinowa HS850; Hinowa PT9C; Honda SC433; Husqvarna DXR140"
"230x72x56","23","Aichi RV060; Aichi RV061; American Direction Drill DD10; American Direction Drill DD2; Beretta TD50"
"300x109x36","23","Atlas CT27N; CAT ME20; CAT ME25; Daewoo Solar25; Dynapac VD251"
"250x72x48","23","Ausa 80CMA; Chikusui/Canycom BFG1301; Chikusui/Canycom BFG1302; Chikusui/Canycom BFG1303; Chikusui/Canycom CC1300"
"400x86x54","23","CASE 40XT; CASE 410; CASE 420; CAT 232; CAT 242"
"300x55.5x82","23","Komatsu PC30FR-2; Yanmar B27-2B; Yanmar B3-3; Yanmar B30V; Yanmar B30VCR"
"200x72x37","22","Belle 5070; Cameca Baby; EurocoMach E1300; Hinowa DB9.11; Hinowa DM09"
"230x72x39","22","Boxer 427; Boxer 526DX; Boxer 530DX; Boxer 532DX; Boxer 700HDX"
"180x72x40","21","Airman AX10U; CFC SpeedTaripo Carro Standard2; Hitachi EX10U; Hitachi EX10UX; Kubota U-10"
"320x54x78","21","Bobcat X231; Bobcat X331; Bobcat X331E; Bobcat X334; Gehl GE342"
"250x109x35","21","CASE 23; CASE 23Maxi; CASE CX23; Fermec 123; JCB 802"
"350x52.5x86","21","CASE 35; CASE 35Maxi; CASE 35STB; CASE CK35; Fermec 135"
"250x48x76","21","CAT 302.2D; Gehl 193; Gehl 223; Gehl GE193; Gehl GE223"
"450x81.5x74","21","Kawasaki KE60; Kobelco B53; Kobelco Sk060; Kobelco Sk60; Kobelco Sk60-1"
"250x52.5x73","20","Airman AX18-2; Airman AX22; Airman AX22-1; Airman AX22-2; Airman AX22CGL"
"250x72x57","20","Almac Athena-870; Almac BIBI-850BL; Almac BIBI-870BL; Apageo LWC100; Atlas 604"
"450x81.5x76","20","CASE CX90D; Hitachi EX80U; Hitachi ZX75US; JCB 8080ZTS; JCB 8085ZTS"
"230x72x54","20","Cormidi C1500; Navigator D7x11a; Vermeer 502SP; Vermeer CX254; Vermeer D10a Navigator"
"300x53x84","20","Kubota K035-3; Kubota KX033-4; Kubota KX037-4; Kubota KX101-3; Kubota KX101-3&2"
"200x72x34","19","Atlas CT045; Chikusui/Canycom BFK709; Chikusui/Canycom D50; Huki D50; Imer CC600"
"230x48x60","19","CASE CK13; CASE CK15; CASE LX92; Kubota K013; Kubota K015"
"400x72.5x70","19","CASE CX40B; CASE CX40BMC; CASE CX40BMR; CASE CX45B; CAT ME40"
"500x92x84","19","Hitachi EX120; Hitachi EX120-2; Hitachi EX120-5; Hitachi EX135U; Hitachi EX135UR"
"180x60x38","18","Abbati BBT954-5.17; Bertolini Mini-excavator; Camisa 480H; EFCO TN500R; Erreppi Carry500"
"200x72x47","18","Almac BIBI-850HE; Imer IM R19; Monitor 1275; Platform Basket RQG15.75; Platform Basket Spider13.80"
"200x72x43","18","Chikusui/Canycom GC50; Chikusui/Canycom HUKI150; Goman X16; Komatsu PC09FR-1; Niko HY27/16 85cm"
"230x72x50","17","Aichi RV042; Hanix YFW5D-1; Hinowa YFW5D-1; Yamaguchi / Winbull WB12H; Yamaguchi / Winbull WB12H alpha"
"300x55x80","17","Airman AX30; Airman AX30-2; Airman AX35; Airman AX35-1; Airman-Foredil AX35"
"250x52.5x78","17","CASE CX26C; Ditch-Witch MX202; Hyundai Robex25z-9ak; IHI 27V4; JCB 8026"
"250x96x38","17","CAT 302.2D; Gehl 193; Gehl 223; Gehl GE193; Gehl GE223"
"200x72x41","16","Atlas 100; Atlas 100B; Atlas 100CT; Atlas 110; Atlas 1104"
"320x86x50","16","Bobcat S130; Bobcat T62; Bobcat T64; Bobcat T66; CASE 420CT"
"375x86x52","16","Bobcat S150; Bobcat S160; Bobcat S175; Bobcat S185; Bobcat S205"
"300x109x35","16","CASE CK25; CASE CK28; Hitachi EX24; Hitachi UE20; Kubota KH026G"
"450x76x80","16","Gehl 8003; Gehl 803; Komatsu PC75; Komatsu PC75-1; Komatsu PC75-2"
"250x48x80","16","Hinowa HP1500; Hinowa PT200P; IHI 20JX; IHI 20NX; IHI 20NX-2"
"300x52.5x92","15","Astec Mini-Excavator; Bobcat 335; Bobcat 430D; Bobcat 430G; Bobcat 430ZHS"
"350x108x42","15","CASE 35; CASE 35Maxi; CASE 35STB; CASE CK35; Fermec 135"
"350x75.5x74","15","Komatsu PC40FR-2; Mustang 450ZNXT2; Yanmar B40VIO; Yanmar VIO40; Yanmar VIO40-1"
"381x101.6x42","14","ASV PT50; ASV PT60; ASV RC50; ASV RC60; ASV RT50"
"230x48x68","14","ATN ATN | PIAF800; ATN ATN | PIAF810; ATN ATN | PIAF811; Hengte HT20; Hitachi EX15"
"250x47x84","14","Airman AX20U; Brokk K330; CAT 302CR; Hanix NH070; Hitachi EX20U"
"250x48x82","14","Airman AX20U; Brokk K330; CAT 302CR; Hanix NH070; Hitachi EX20U"
"400x146x36","14","Airman HM45; Airman HM45-2; Airman HM45SG-2; Airman HM50; Airman HM55"
"250x48x78","14","Amerequip Eagle TRAX40; Beretta GT15; Bluelift Aerial Platform; Fraste Multidrill ML; Hinowa DM20S"
"400x86x55","14","Bobcat T250; Bobcat T250H; Bobcat T300; Bobcat T300H; Bobcat T320"
"400x86x56","14","CAT 279C; CAT 279C2; CAT 279D; CAT 279D2; CAT 279D3"
"700x100x98","13","ALLtrack AT1500; Hitachi CG65; Huki 700-2; Morooka CG65; Morooka MST1500"
"230x96x39","13","Amerequip Eagle TRAX40; Beretta GT15; Bluelift Aerial Platform; Fraste Multidrill ML; Hinowa DM20S"
"320x52.5x80","13","Bobcat 329; Bobcat 331; Bobcat 331D; Bobcat 331E; Bobcat 331G"
"320x86x49","13","Bobcat T180; Bobcat T180H; Bobcat T190; Bobcat T190H; Bobcat T550"
"320x100x43","13","Celli ECOSTAR-SC600; Hanix S&B15; Hanix S&B15R; Hanix S&B15S; Hanix S&B15SR"
"250x109x37","13","Gehl 253; Gehl GE253; Kubota K020; Kubota K022; Kubota KX021"
"200x72x35","13","Honda SC433; Kawasaki Mini-carrier; Powerfab 1200X; Sato SC433; Sato SC433DA"
"250x72x47","12","Bobcat X123; Bonne Esperance B23RP; Energreen Robogreen; Maweco 1003; Maweco 1302"
"250x52.5x80","12","CASE CX27B; CASE CX27BMC; CASE CX27BMR; CASE CX27BZTS; CASE CX30B"
"400x73x76","12","CASE CX57C; CASE CX60C; Daewoo Solar55-3; Hyundai Robex55-3; Hyundai Robex55-7"
"230x96x30","12","CASE LX92; Kubota KH012; Kubota KH41; Kubota KX012; Kubota KX014"
"381x100x42","12","CAT 247; CAT 247A; CAT 247B; CAT 247B2; CAT 247B3"
"180x72x31","12","Chikusui/Canycom BFP405; Chikusui/Canycom CC316; Chikusui/Canycom DF407; Rayco RG35T; Rayco RG37T"
"400x72.5x82","12","Ditch-Witch JT4020; Ditch-Witch JT4020Mach1; Hinowa PT70GL; IHI 65NX; IHI 65UX"
"260x109x39","12","Komatsu PC28; Komatsu PC28-1; Komatsu PC28-2; Komatsu PC28R; Komatsu PC28uu"
"300x53x80","12","Kubota K030-3; Kubota KX027-4; Kubota KX030-4; Kubota KX61-3; Kubota KX71-3"
"300x55x74","11","Airman AX25; Airman AX25-1; Airman AX25-2; Airman AX30UR-1; Airman AX30UR-2"
"200x72x36","11","Beretta T25; Brokk 100; Brokk 150; Brokk BM110; Brokk BM150"
"400x86x50","11","Bobcat S130; Bobcat T62; Bobcat T64; Bobcat T66; CASE 440CT"
"350x52.5x90","11","CAT 304.5E2XTC; CAT 304DCR; CAT 304E2CR; CAT 304ECR; Imef HE230"
"450x71x84","11","CAT 307HD; Gehl 802; Gehl GE802; Kato 70; Kato HD307"
"320x100x52","11","CELA Spider560; Ecofore CE403G; Hinowa PT35GL; Hinowa PT35GL/300; INOVA INOVA"
"320x109x36","11","Hanix N220-2; Hanix N230-2; Hanix N250-2; Hanix N260-2; Nissan N220-2"
"230x72x52","11","IHI MC15; Messersi TCH12; Messersi TCH15; Messersi TCH1500; Messersi TCH15S"
"260x55.5x78","11","Yanmar B25V>'2006; Yanmar B25VCR> '2006; Yanmar VIO25 [OEM260x55.5x78Offset); Yanmar VIO25-4; Yanmar VIO25PR"
"300x55.5x78","11","Yanmar B25V>'2006; Yanmar B25VCR> '2006; Yanmar VIO25 [OEM260x55.5x78Offset); Yanmar VIO25-4; Yanmar VIO25PR"
"180x60x30","10","Active PT1300; Ausa 25CM; CFC BabyTapiro; Collina 320L Tractor; Collina Junior200"
"400x142x37","10","Airman AX50; Hitachi EX50; Hitachi EX50-1; Hitachi EX55URG; Kubota KH040"
"450x73.5x80","10","CASE 9007Alliance; JCB JS70; Link-Belt LS1600C; Link-Belt Quantum1600; Sumitomo LS160"
"457x100x51","10","CAT 287; CAT 287A; CAT 287B; CAT 287C; CAT 287C2"
"300x55x84","10","Gehl Z35; Mustang 350ZNXT2; Sany SY35U; Sunward SWE35UF; Sunward SWE38"
"250x96x40","10","IHI 20JX; IHI 20NX; IHI 20NX-2; IHI 20Z; IHI IS18UJ"
"180x72x42","9","ALLEN AT16; Jekko JF40; Mc Elory TracStar28; Mc Elory TracStar412; Mc Elory TracStar618"
"457x101.6x51","9","ASV PT80; ASV RT75; ASV SR-80; Terex PT-100G; Terex PT-110"
"450x76x82","9","Ammann AMX85ZT; Coltrax CX85S; EurocoMach 100TR; EurocoMach 90ZT; EurocoMach ES85"
"200x96x30","9","CASE CK13; CASE CK15; Kubota K013; Kubota K015; Kubota KN36"
"320x109x39","9","EuroCAT 350LSE; Hanix N300-2; Hanix N350-2; Nissan N300-2; Nissan N300-2R"
"320x100x40","9","Hanix S&B15; Hanix S&B15R; Hanix S&B15S; Hanix S&B15SR; Kubota KH26SR"
"180x72x41","9","Hitachi ZX10U; Hitachi ZX10U-2; Komatsu PC10MR-1avance; Komatsu PC10UU-3avance; Komatsu PC15MR-1"
"250x48.5x84","9","Yanmar SV20; Yanmar SV22; Yanmar VIO20Global; Yanmar VIO20-1; Yanmar VIO20-2"
"750x150x66","8","ALLtrack AT2200; Hitachi CG100; Hitachi CG110; Morooka MST2200; Morooka MST2200V"
"457x101.6x56","8","ASV MD-70; ASV POSI-TRAC2800; ASV POSI-TRAC2810; ASV POSI-TRAC4800; ASV POSI-TRAC4810"
"400x86x49","8","Bobcat T180; Bobcat T190; Bobcat T190H; Bobcat T550; Bobcat T590"
"320x86x53","8","Bobcat T72; Bobcat T76; CAT 259; CAT 259B; CAT 259B3"
"400x74x68","8","CASE CX40B; CASE CX40BMC; CASE CX40BMR; CASE CX45B; Kobelco Sk40SR"
"400x86x60","8","CAT 299C; CAT 299C2; CAT 299D; CAT 299D XHP; CAT 299D2"
"280x72x48","8","Chikusui/Canycom BFG1301; Chikusui/Canycom BFG1302; Chikusui/Canycom BFG1303; Chikusui/Canycom CC1300; Chikusui/Canycom CC1500"
"300x54x72","8","Gehl GE272; Gehl GE292; Wacker Neuson 2600; Wacker Neuson 2702; Wacker Neuson 2800"
"300x55x76","7","Angel WY2.5; Gehlmax MB288; Soma SB28; Yuchai YC25; Yuchai YC25-2"
"320x86x56","7","CAT 236; CAT 246; CAT 248; Komatsu 1020Turbo; Traxmax 550"
"250x55.5x79","7","Kobelco Sk25SR-6; Mustang 250Z; Yanmar SV26; Yanmar VIO25 [OEM250x55.5x79Symetric); Yanmar VIO25-6"
"457x101.6x50","6","ASV RC100; ASV RC85; ASV RCV; Positrack RCV85; Terex PT-100"
"250x96x41","6","Airman AX20U; Brokk K330; Hitachi EX20U; Hitachi EX20U-1; Kubota RX202"
"250x72x64","6","Almac BIBI-1090EVO; Almac BIBI-1250CL; Almac BIBI-1470HE; Almac MULTI-LOADER2.5; Athena 1090"
"180x60x35","6","Benassi M350H; Camisa 280; Camisa 380; Mecanica Benassi MB300; Mecanica Benassi MB350"
"230x72x37","6","Bluelift Aerial Platform; Holmac HZC24; Holmac HZC25; Honda HP500; Husqvarna DXR250"
"320x55x88","6","Bobcat 335; Bobcat 430D; Bobcat 430G; Bobcat 430ZHS; Bobcat 430ZTS"
"450x86x52","6","Bobcat 864; Bobcat 864H; Bobcat T200; Bobcat T630; Bobcat T650"
"180x72x45","6","Bobcat MT100; Bobcat MT120; Bobcat MT85; Vermeer CTX100; Vermeer S725TX"
"457x100.6x56","6","CAT 267; CAT 267A; CAT 267B; CAT 277; CAT 277A"
"400x73x70","6","CAT MX45; IHI 40G-1; IHI 40J; IHI 40JX; IHI 40NX"
"450x76x84","6","FAI 410C; Komatsu PC95; Komatsu PC95-1; Komatsu PC95R-2; Mecalac 10MCR"
"485x92x72","6","Hinowa PT100; Hinowa PT150; Mustang 1000M; Yanmar SV100; Yanmar SV100VCR"
"350x52.5x84","6","IHI 38N; JCB 804; JCB 804Plus; JCB 804Super; Kobelco Sk032"
"400x142x38","5","Atlas CT50N; Hanix S&B25-2; Kubota RX501; Sumitomo S130; Sumitomo S130F2"
"180x60x28","5","Barreto 1324STK; Barreto 13STKH; Barreto 16STKB; Vermeer RTX100; Vermeer RTX150"
"375x86x50","5","Bobcat S130; Mustang 2040; Mustang 2042; Mustang 2044; Mustang 2050"
"320x54x72","5","Bobcat X325; Bobcat X328; Bobcat X328E; Mustang ME2702; Mustang ME2902"
"130x72x29","5","Brokk 40; Brokk 50; Brokk 60; Kobelco SS60; Kobelco SS1"
"450x86x63","5","CAT 272C; Mustang 2095; Mustang 2099; Mustang 2105; Mustang 2109"
"400x146x35","5","CAT ME40; CAT ME40R; CAT ME45; Peljob EB506; Peljob LS502"
"260x52.5x74","5","CAT MM20; CAT MM20CR; CAT MM20SR; CAT MM20T; CAT MMCR"
"230x96x40","5","Hinowa HP1500; Hinowa PT200P; Palazzani TSJ12; Palazzani TSJ23; Palazzani TSJ24"
"450x81.5x78","5","JCB 100C-1; JCB 85Z-1; JCB 86C-1; JCB 90Z-1; Sany SY80U"
"230x72x46","5","Kobelco Sk17SR5; Kubota KC120; Mustang 170Z; Yamaguchi / Winbull WB1000-3; Yanmar VIO17"
"280x72x52","5","Kubota KC121; Vermeer D9x13Navigator; Yamaguchi / Winbull WB1300-3; Yamaguchi / Winbull WB1500-3; Yanmar WB1300"
"450x100x48","5","Mustang MTL20; Mustang MTL320; Takeuchi TL10; Takeuchi TL140; Takeuchi TL240"
"450x100x50","5","Mustang MTL25; Mustang MTL325; Takeuchi TL12; Takeuchi TL150; Takeuchi TL250"
"230x96x34","4","ATN ATN | PIAF800; ATN ATN | PIAF810; ATN ATN | PIAF811; Hitachi EX15"
"200x72x38","4","Atex XC750D; Hanix RT50D; Sicocu 750DH3; Yanmar MCG150"
"250x107.5x37","4","Beretta T44; Beretta T46; Hinowa VT2500; Paus-Hermann MB2.4"
"350x55x88","4","Bobcat E41; Bobcat E42; EurocoMach 42ZT; EurocoMach 45TR"
"350x56x84","4","CASE CK38; Kubota K038; Kubota KX121-2; Kubota KX121-2S"
"350x52.5x88","4","CASE CK38; Kubota K038; Kubota KX121-2; Kubota KX121-2S"
"180x72x43","4","CMC S19; Schaeff TC10Z; Yanmar VIO10; Yanmar VIO12"
"320x86x48","4","Cams Libra 865; Cams Libra T865; Cormidi C145; Komatsu CK16"
"180x72x32","4","Casorzo MTR450; Ditch-Witch SK300; Ditch-Witch SK350; Yanmar B08"
"320x52.5x98","4","Ditch-Witch JT2720; Ditch-Witch JT30; Ditch-Witch JT3020; Ditch-Witch JT3020Mach1"
"2303x72x56","4","Ditch-Witch JT9; Ditch-Witch JT920; Ditch-Witch JT920L; Ditch-Witch JT922"
"350x109x42","4","Hinowa PT4000; Hinowa PT4000G/100; Hinowa VT4000 2V; Hitachi UE40"
"200x96x33","4","Hinowa TT1350; Volvo EC13; Volvo EC13XR; Volvo EC13XTV"
"400x73x82","4","IHI 65NX; IHI 65UX; IHI 65VX; IHI 65VX-2"
"250x109x36","4","JCB 802; JCB 802Plus; JCB 802Super; JCB 802.4"
"350x108x44","4","Kobelco SK35SR; Kobelco SK35SR-2; Kobelco Sk035SR; New Holland EH35"
"260x97x40","4","Komatsu PC10FR; Komatsu PC20FR-1; Komatsu PC20FR-2; Yanmar VIO20"
"250x48.5x80","4","Komatsu PC10FR; Komatsu PC20FR-1; Komatsu PC20FR-2; Yanmar VIO20"
"350x54.5x86","4","Kubota KX040-4; Kubota KX040-4HGA; Kubota KX042-4; Kubota KX121-3"
"400x72.5x68","4","Peljob EB450; Rayco C85L; Volvo EC45; Volvo EC45Pro"
"300x84x46","3","Bobcat T140; Bobcat T450; Manitou RT135"
"450x86x53","3","Bobcat T72; Bobcat T76; CASE TV620B"
"300x54x78","3","Bobcat X334G; Hinowa PT3000; Hinowa VT3000 2V"
"400x135x39","3","CASE 6030Turbo; Wacker Neuson 5002RD; Wacker Neuson 6002RD"
"375x86x56","3","CAT 236; CAT 246; CAT 248"
"457x100.6x51","3","CAT 277C; CAT 277C2; CAT 277D"
"190x72x39","3","Cormidi 18.100Dtae; Platform Basket RQG12; Rufener RK900"
"450x86x42","3","Genie S-60Trax; Genie S-65Trax450Wide; Vermeer RTX1250"
"300x52x574","3","Hanix H22; Hanix H22A; Hanix H24"
"200x96x31","3","Hinowa VTT1300; JCB 801,2ZTS; JCB 8012 'Micro1000'"
"250x52.5x77","3","Hitachi EX20UR-3; Hitachi ZX22U; Hitachi ZX22U-2"
"400x725x72","3","Hitachi EX40; Hitachi EX40-2; Hitachi EX40U"
"320x100x38","3","Hitachi UE20; Nissan X1; Peljob EB22.4"
"300x72x45","3","Holmac HZC35; Holmac HZC35T; Holmac HZC37"
"450x71x182","3","IHI IS65UJ; IHI IS65UJ3; IHI IS70Z"
"350x109x44","3","Imef HE230; Imef HE31; Imef HE32"
"250x109x41","3","JCB 802,7ZTS; JCB 8025ZTS; JCB 8027Z"
"350x108x41","3","JCB 804; JCB 804Plus; JCB 804Super"
"320x100x45","3","Komatsu PC30; Komatsu PC30-5; Komatsu PC20"
"420x100x52","3","Kubota KH50SR; Kubota KH51SR; Kubota KH52SR"
"420x100x54","3","Kubota KH50SR; Kubota KH51SR; Kubota KH52SR"
"380x86x52","3","Kubota SVL65-2; Kubota SVL75; Kubota SVL75-2"
"230x72x44","3","Maweco 1003; Messersi M15; Mintrac 1003"
"400x142x36","3","Mitsubishi MX45; Sumitomo S120; Sumitomo S120F2"
"320x86x46","3","Mustang MTL312; Takeuchi TL120; Takeuchi TL220"
"190x72x38","3","Niko HY20/11 70cm; Niko HY610; Niko HY710"
"230x72x59","3","Platform Basket Spider27.14; Streck SF / U; VIMALFIRE Emergency Robot-G1"
"300x55x79","3","Turchi 300F; Wacker Neuson 28Z-3; Wacker Neuson 28Z3RD"
"260x96x38","3","Yanmar B19; Yanmar B19.2; Yanmar B19PR"
"300x55.5x76","3","Yanmar B25V; Yanmar B25VCR; Yanmar B27-2A"
"250x107x38","2","Airman AX20-3; Airman AX20UR"
"300x109x42","2","Airman HM35; Hitachi UE35"
"300x54x82","2","American Direction Drill DD4; SMC MX35"
"250x72x56","2","Astec Mini-Excavator; Wacker Neuson TD15"
"320x52.5x74","2","Bobcat 328; Bobcat 328G"
"300x55x71","2","Bobcat X225; FAI 230"
"250x72x39","2","CASE TF300; CASE TF300RT"
"320x52.5x82","2","Cormidi 34.200Auto; Cormidi 34.200Dum"
"300x52.52x84","2","Daewoo Solar035; Daewoo Solar035Plus"
"450x81x74","2","Daewoo Solar70-III; Daewoo Solar75V"
"300x109x44","2","Ditch-Witch JT2321; Ditch-Witch JT860"
"320x52.5x92","2","Ditch-Witch JT2520; Ditch-Witch JT2720"
"230x72x40","2","Ditch-Witch SK600; Wacker Neuson RK15"
"180x723x37","2","Durso 14.100Auto; Durso 14.100Dumper"
"320x100x44","2","EuroCAT 350LSE; Hitachi UE30"
"500x92x72","2","Hinowa PT100; Hinowa PT150"
"200x96x35","2","Hinowa VTT1550; Hinowa VTT1650"
"400x142x39","2","Hitachi EX55; Kubota KH055"
"450x163x38","2","Hitachi EX60LC-3; Yanmar B7U"
"450x73x80","2","IHI IS75F UJ; IHI IS80NX"
"300x109x43","2","JCB 8035Z; Putzmeister SPM300"
"350x109x41","2","Kobelco Sk032; Kobelco Z15"
"250x48x72","2","Kobelco Sk15R; Kobelco Sk15SR"
"260x52.5x76","2","Komatsu PC20R; Komatsu PC20R-8"
"260x100x42","2","Komatsu PC28; Komatsu PC15"
"400x135x38","2","Komatsu PC58uu-3; Komatsu PC58uu-X"
"400x75.2x72","2","Kubota U-45; Kubota U-45G"
"300x54x80","2","Messersi M32; Messersi M35P/C"
"500x90x78","2","Morooka MST600V; Morooka MST600VD"
"200x72x45","2","Multitel SMX250.E; Niko HY38/16 70cm Poclain"
"180x72x47","2","Rampicar R635; Vermeer D8x10"
"200x72x53","2","Rayco RG45T-R; Rayco RG55T"
"300x101.6x40","2","Samsung MX030; Wacker Neuson 3003RD"
"450x84x57","2","Sunward SWTL4210; Sunward SWTL4518"
"450x8x60","2","Takeuchi TL12R2; Takeuchi TL12V2"
"180x68x28","2","Vermeer RTX100; Vermeer RTX150"
"230x72x41","2","Vermeer S450TX; Vermeer S650TX"
"250x109x38","2","Volvo ECR25D; Volvo ECR28"
"260x97x42","2","Yanmar VIO20-1; Yanmar VIO20-2"
"350x73x76","2","Yanmar VIO45-6; Yanmar VIO50-6"
"450x84x74","2","Yanmar VIO70; Yanmar VIO70CR"
"230x48x63","1","Airman AX16"
"320x52.5x88","1","American Direction Drill DD3"
"230x78x42","1","Andreoli UT60EVO"
"320x100x41","1","Atlas AP604"
"108x72x37","1","Baraladi Minding"
"170x60x34","1","Bellon Maria Monkey"
"300x54x74","1","Bentrac M25"
"450x84x53","1","Bobcat 864H"
"250x75x52","1","Bobcat T110"
"320x86x45","1","Bobcat T140"
"400x86x53","1","Bobcat T72"
"450x84x59","1","Bobcat T870"
"300x25.5x80","1","Brokk 330"
"400x725.5x74","1","CASE 6030Turbo"
"450x135x42","1","CASE 9007Alliance"
"260x109x35","1","CASE CK23"
"300x52x588","1","CASE CX36BZTS"
"250x72x42","1","CMC S19"
"250x72x2","1","CMC S24"
"230x96x42","1","Carlton SP7015TRX"
"250x72x43","1","Chikusui/Canycom CC800"
"250x72x44","1","Chikusui/Canycom GC640"
"250x72x55","1","Chikusui/Canycom GC640"
"170x60x37","1","Cormidi 6.50RI"
"300x52.5x98","1","Ditch-Witch JT25"
"280x52.5x82","1","EurocoMach ES25ZT"
"280x52x582","1","EurocoMach ES25ZT"
"400x86x42","1","Genie S-65Trax400Wide"
"180x72x57","1","Goman X08"
"230x96x41","1","Hanix NH070"
"200x96x28","1","Hinowa DB10.13"
"230x96x66","1","Hinowa DB10.13"
"230x96x38","1","Hinowa HP1500/2"
"250x96x39","1","Hinowa PT20G/3011"
"300x52.5x77","1","Hitachi EX25-2"
"400x72.5x78","1","Hitachi HX140B"
"300x55x88","1","IHI 35VX"
"200x72x44","1","IHI CARRY110"
"180x72x44","1","IHI CARRY110"
"450x145x40","1","IHI IS75F"
"350x73x74","1","JCB 45Z-1"
"400x132x37","1","Kato HD140"
"150x60x40","1","Kobelco SK005"
"260x109x37","1","Komatsu PC20R-8"
"260x52.5x78","1","Komatsu PC20MR-2"
"250x72x46","1","Kubota KC50new"
"450x71x78","1","Kubota KH191"
"450x81x72","1","Kubota KH191"
"300x1009x39","1","Kubota KH91"
"250x19x37","1","Kubota KX021UR"
"300x86x45","1","Manitou RT135"
"280x72x47","1","Maweco 1302"
"300x100x43","1","Mc Elory TracStar900"
"180x73x37","1","Messersi TCH R16D"
"500x100x65","1","Morooka MST600VD"
"450x86x54","1","Mustang 2076"
"250x52.5x72","1","New Holland E20SR"
"400x72x74","1","New Holland EH45"
"190x72x40","1","Niko HY20/11 70cm SOM"
"190x72x43","1","Niko HY27/16 85cm"
"190x72x45","1","Niko HY38/16 70cm Poclain"
"400x146x37","1","Nissan S&B25-2"
"250x72x54","1","Palazzani TSJ24"
"250x72x41","1","Pazzaglia FZ110Turbo plus"
"400x73x68","1","Rayco C85L"
"190x72x34","1","Rufener RK602"
"240x72x48","1","Silla 18"
"260x52.5x72","1","Takeuchi TB025"
"300x55x75","1","Takeuchi TB030"
"500x92x88","1","Takeuchi TB2150R"
"300x101.6x39","1","Wacker Neuson 2503RD"
"300x101.6x43","1","Wacker Neuson 2503RD"
"320x106x39","1","Yanmar B27-2A"
"450x110x74","1","Yanmar C50R-1"
"500x90x82","1","Yanmar C50R-1"
"160x60x37","1","Yanmar MCG100"
"200x72x31","1","Yanmar MCG130"
"160x60x34","1","Yanmar MCG91"
"160x60x35","1","Yanmar MCG95"
"250x72x35","1","Yanmar YEW5D-1"
"300x55x86","1","Yuchai YC45"
"300x55x94","1","Yuchai YC45-6"