brand,model_name,full_name,equipment_type,created_at,updated_at
ASV,2810,ASV 2810,Track Loader,2024-01-01T00:00:00Z,2024-01-01T00:00:00Z
ASV,4810,ASV 4810,Track Loader,2024-01-01T00:00:00Z,2024-01-01T00:00:00Z
ASV,HD4520,ASV HD4520,Track Loader,2024-01-01T00:00:00Z,2024-01-01T00:00:00Z
ASV,MD70,ASV MD70,Track Loader,2024-01-01T00:00:00Z,2024-01-01T00:00:00Z
ASV,MD70 Turbo,ASV MD70 Turbo,Track Loader,2024-01-01T00:00:00Z,2024-01-01T00:00:00Z
ASV,PT50,ASV PT50,Track Loader,2024-01-01T00:00:00Z,2024-01-01T00:00:00Z
ASV,PT60,ASV PT60,Track Loader,2024-01-01T00:00:00Z,2024-01-01T00:00:00Z
ASV,PT70,ASV PT70,Track Loader,2024-01-01T00:00:00Z,2024-01-01T00:00:00Z
ASV,PT80,ASV PT80,Track Loader,2024-01-01T00:00:00Z,2024-01-01T00:00:00Z
ASV,PT100,ASV PT100,Track Loader,2024-01-01T00:00:00Z,2024-01-01T00:00:00Z
ASV,PT100 Forestry,ASV PT100 Forestry,Track Loader,2024-01-01T00:00:00Z,2024-01-01T00:00:00Z
ASV,RC30,ASV RC30,Track Loader,2024-01-01T00:00:00Z,2024-01-01T00:00:00Z
ASV,RC50,ASV RC50,Track Loader,2024-01-01T00:00:00Z,2024-01-01T00:00:00Z
ASV,RC60,ASV RC60,Track Loader,2024-01-01T00:00:00Z,2024-01-01T00:00:00Z
ASV,RC85,ASV RC85,Track Loader,2024-01-01T00:00:00Z,2024-01-01T00:00:00Z
ASV,RC100,ASV RC100,Track Loader,2024-01-01T00:00:00Z,2024-01-01T00:00:00Z
ASV,RT25,ASV RT25,Track Loader,2024-01-01T00:00:00Z,2024-01-01T00:00:00Z
ASV,RT30,ASV RT30,Track Loader,2024-01-01T00:00:00Z,2024-01-01T00:00:00Z
ASV,RT40,ASV RT40,Track Loader,2024-01-01T00:00:00Z,2024-01-01T00:00:00Z
ASV,RT50,ASV RT50,Track Loader,2024-01-01T00:00:00Z,2024-01-01T00:00:00Z
ASV,RT60,ASV RT60,Track Loader,2024-01-01T00:00:00Z,2024-01-01T00:00:00Z
ASV,RT65,ASV RT65,Track Loader,2024-01-01T00:00:00Z,2024-01-01T00:00:00Z
ASV,RT65 MAX,ASV RT65 MAX,Track Loader,2024-01-01T00:00:00Z,2024-01-01T00:00:00Z
ASV,RT75,ASV RT75,Track Loader,2024-01-01T00:00:00Z,2024-01-01T00:00:00Z
ASV,RT75 MAX,ASV RT75 MAX,Track Loader,2024-01-01T00:00:00Z,2024-01-01T00:00:00Z
ASV,RT75HD MAX,ASV RT75HD MAX,Track Loader,2024-01-01T00:00:00Z,2024-01-01T00:00:00Z
ASV,RT120,ASV RT120,Track Loader,2024-01-01T00:00:00Z,2024-01-01T00:00:00Z
ASV,RT120 Forestry,ASV RT120 Forestry,Track Loader,2024-01-01T00:00:00Z,2024-01-01T00:00:00Z
ASV,RT135,ASV RT135,Track Loader,2024-01-01T00:00:00Z,2024-01-01T00:00:00Z
ASV,RT135 Forestry,ASV RT135 Forestry,Track Loader,2024-01-01T00:00:00Z,2024-01-01T00:00:00Z
ASV,SR70,ASV SR70,Track Loader,2024-01-01T00:00:00Z,2024-01-01T00:00:00Z
ASV,SR80,ASV SR80,Track Loader,2024-01-01T00:00:00Z,2024-01-01T00:00:00Z
ASV,VT70,ASV VT70,Track Loader,2024-01-01T00:00:00Z,2024-01-01T00:00:00Z
ASV,VT70 HO,ASV VT70 HO,Track Loader,2024-01-01T00:00:00Z,2024-01-01T00:00:00Z
ASV,VT70 HO MAX,ASV VT70 HO MAX,Track Loader,2024-01-01T00:00:00Z,2024-01-01T00:00:00Z
Barreto,1324TK,Barreto 1324TK,Track Loader,2024-01-01T00:00:00Z,2024-01-01T00:00:00Z
Barreto,1624TK,Barreto 1624TK,Track Loader,2024-01-01T00:00:00Z,2024-01-01T00:00:00Z
Barreto,1824TK,Barreto 1824TK,Track Loader,2024-01-01T00:00:00Z,2024-01-01T00:00:00Z
Barreto,1836TK,Barreto 1836TK,Track Loader,2024-01-01T00:00:00Z,2024-01-01T00:00:00Z
Barreto,2024TK,Barreto 2024TK,Track Loader,2024-01-01T00:00:00Z,2024-01-01T00:00:00Z
Barreto,20RTK,Barreto 20RTK,Track Loader,2024-01-01T00:00:00Z,2024-01-01T00:00:00Z
Barreto,2324TK,Barreto 2324TK,Track Loader,2024-01-01T00:00:00Z,2024-01-01T00:00:00Z
Barreto,23RTK,Barreto 23RTK,Track Loader,2024-01-01T00:00:00Z,2024-01-01T00:00:00Z
Barreto,23TKD,Barreto 23TKD,Track Loader,2024-01-01T00:00:00Z,2024-01-01T00:00:00Z
Barreto,825TKL,Barreto 825TKL,Track Loader,2024-01-01T00:00:00Z,2024-01-01T00:00:00Z
Baumalight,TRL620D,Baumalight TRL620D,Track Loader,2024-01-01T00:00:00Z,2024-01-01T00:00:00Z
Baumalight,TRL620Y,Baumalight TRL620Y,Track Loader,2024-01-01T00:00:00Z,2024-01-01T00:00:00Z
Bobcat,864,Bobcat 864,Track Loader,2024-01-01T00:00:00Z,2024-01-01T00:00:00Z
Bobcat,MT52,Bobcat MT52,Track Loader,2024-01-01T00:00:00Z,2024-01-01T00:00:00Z
Bobcat,MT55,Bobcat MT55,Track Loader,2024-01-01T00:00:00Z,2024-01-01T00:00:00Z
Bobcat,MT85,Bobcat MT85,Track Loader,2024-01-01T00:00:00Z,2024-01-01T00:00:00Z
Bobcat,MT100,Bobcat MT100,Track Loader,2024-01-01T00:00:00Z,2024-01-01T00:00:00Z
Bobcat,T62,Bobcat T62,Track Loader,2024-01-01T00:00:00Z,2024-01-01T00:00:00Z
Bobcat,T64,Bobcat T64,Track Loader,2024-01-01T00:00:00Z,2024-01-01T00:00:00Z
Bobcat,T66,Bobcat T66,Track Loader,2024-01-01T00:00:00Z,2024-01-01T00:00:00Z
Bobcat,T76,Bobcat T76,Track Loader,2024-01-01T00:00:00Z,2024-01-01T00:00:00Z
Bobcat,T86,Bobcat T86,Track Loader,2024-01-01T00:00:00Z,2024-01-01T00:00:00Z
Bobcat,T110,Bobcat T110,Track Loader,2024-01-01T00:00:00Z,2024-01-01T00:00:00Z
Bobcat,T140,Bobcat T140,Track Loader,2024-01-01T00:00:00Z,2024-01-01T00:00:00Z
Bobcat,T180,Bobcat T180,Track Loader,2024-01-01T00:00:00Z,2024-01-01T00:00:00Z
Bobcat,T190,Bobcat T190,Track Loader,2024-01-01T00:00:00Z,2024-01-01T00:00:00Z
Bobcat,T200,Bobcat T200,Track Loader,2024-01-01T00:00:00Z,2024-01-01T00:00:00Z
Bobcat,T250,Bobcat T250,Track Loader,2024-01-01T00:00:00Z,2024-01-01T00:00:00Z
Bobcat,T300,Bobcat T300,Track Loader,2024-01-01T00:00:00Z,2024-01-01T00:00:00Z
Bobcat,T320,Bobcat T320,Track Loader,2024-01-01T00:00:00Z,2024-01-01T00:00:00Z
Bobcat,T450,Bobcat T450,Track Loader,2024-01-01T00:00:00Z,2024-01-01T00:00:00Z
Bobcat,T550,Bobcat T550,Track Loader,2024-01-01T00:00:00Z,2024-01-01T00:00:00Z
Bobcat,T590,Bobcat T590,Track Loader,2024-01-01T00:00:00Z,2024-01-01T00:00:00Z
Bobcat,T595,Bobcat T595,Track Loader,2024-01-01T00:00:00Z,2024-01-01T00:00:00Z
Bobcat,T630,Bobcat T630,Track Loader,2024-01-01T00:00:00Z,2024-01-01T00:00:00Z
Bobcat,T650,Bobcat T650,Track Loader,2024-01-01T00:00:00Z,2024-01-01T00:00:00Z
Bobcat,T740,Bobcat T740,Track Loader,2024-01-01T00:00:00Z,2024-01-01T00:00:00Z
Bobcat,T750,Bobcat T750,Track Loader,2024-01-01T00:00:00Z,2024-01-01T00:00:00Z
Bobcat,T770,Bobcat T770,Track Loader,2024-01-01T00:00:00Z,2024-01-01T00:00:00Z
Bobcat,T870,Bobcat T870,Track Loader,2024-01-01T00:00:00Z,2024-01-01T00:00:00Z
Boxer,118,Boxer 118,Track Loader,2024-01-01T00:00:00Z,2024-01-01T00:00:00Z
Boxer,320,Boxer 320,Track Loader,2024-01-01T00:00:00Z,2024-01-01T00:00:00Z
Boxer,322,Boxer 322,Track Loader,2024-01-01T00:00:00Z,2024-01-01T00:00:00Z
Boxer,322D,Boxer 322D,Track Loader,2024-01-01T00:00:00Z,2024-01-01T00:00:00Z
Boxer,375D,Boxer 375D,Track Loader,2024-01-01T00:00:00Z,2024-01-01T00:00:00Z
Boxer,385D,Boxer 385D,Track Loader,2024-01-01T00:00:00Z,2024-01-01T00:00:00Z
Boxer,400,Boxer 400,Track Loader,2024-01-01T00:00:00Z,2024-01-01T00:00:00Z
Boxer,420,Boxer 420,Track Loader,2024-01-01T00:00:00Z,2024-01-01T00:00:00Z
Boxer,600HD,Boxer 600HD,Track Loader,2024-01-01T00:00:00Z,2024-01-01T00:00:00Z
Boxer,700HDX,Boxer 700HDX,Track Loader,2024-01-01T00:00:00Z,2024-01-01T00:00:00Z
Boxer,TD327,Boxer TD327,Track Loader,2024-01-01T00:00:00Z,2024-01-01T00:00:00Z
Case,420CT,Case 420CT,Track Loader,2024-01-01T00:00:00Z,2024-01-01T00:00:00Z
Case,440CT,Case 440CT,Track Loader,2024-01-01T00:00:00Z,2024-01-01T00:00:00Z
Case,445CT,Case 445CT,Track Loader,2024-01-01T00:00:00Z,2024-01-01T00:00:00Z
Case,450CT,Case 450CT,Track Loader,2024-01-01T00:00:00Z,2024-01-01T00:00:00Z
Case,TL1000,Case TL1000,Track Loader,2024-01-01T00:00:00Z,2024-01-01T00:00:00Z
Case,TR270,Case TR270,Track Loader,2024-01-01T00:00:00Z,2024-01-01T00:00:00Z
Case,TR270B,Case TR270B,Track Loader,2024-01-01T00:00:00Z,2024-01-01T00:00:00Z
Case,TR310,Case TR310,Track Loader,2024-01-01T00:00:00Z,2024-01-01T00:00:00Z
Case,TR310B,Case TR310B,Track Loader,2024-01-01T00:00:00Z,2024-01-01T00:00:00Z
Case,TR320,Case TR320,Track Loader,2024-01-01T00:00:00Z,2024-01-01T00:00:00Z
Case,TR340,Case TR340,Track Loader,2024-01-01T00:00:00Z,2024-01-01T00:00:00Z
Case,TR340B,Case TR340B,Track Loader,2024-01-01T00:00:00Z,2024-01-01T00:00:00Z
Case,TV370,Case TV370,Track Loader,2024-01-01T00:00:00Z,2024-01-01T00:00:00Z
Case,TV370B,Case TV370B,Track Loader,2024-01-01T00:00:00Z,2024-01-01T00:00:00Z
Case,TV380,Case TV380,Track Loader,2024-01-01T00:00:00Z,2024-01-01T00:00:00Z
Case,TV450,Case TV450,Track Loader,2024-01-01T00:00:00Z,2024-01-01T00:00:00Z
Case,TV450B,Case TV450B,Track Loader,2024-01-01T00:00:00Z,2024-01-01T00:00:00Z
Case,TV620B,Case TV620B,Track Loader,2024-01-01T00:00:00Z,2024-01-01T00:00:00Z
Caterpillar,239D,Caterpillar 239D,Track Loader,2024-01-01T00:00:00Z,2024-01-01T00:00:00Z
Caterpillar,239D3,Caterpillar 239D3,Track Loader,2024-01-01T00:00:00Z,2024-01-01T00:00:00Z
Caterpillar,247,Caterpillar 247,Track Loader,2024-01-01T00:00:00Z,2024-01-01T00:00:00Z
Caterpillar,247B,Caterpillar 247B,Track Loader,2024-01-01T00:00:00Z,2024-01-01T00:00:00Z
Caterpillar,247B2,Caterpillar 247B2,Track Loader,2024-01-01T00:00:00Z,2024-01-01T00:00:00Z
Caterpillar,247B3,Caterpillar 247B3,Track Loader,2024-01-01T00:00:00Z,2024-01-01T00:00:00Z
Caterpillar,249B,Caterpillar 249B,Track Loader,2024-01-01T00:00:00Z,2024-01-01T00:00:00Z
Caterpillar,249D,Caterpillar 249D,Track Loader,2024-01-01T00:00:00Z,2024-01-01T00:00:00Z
Caterpillar,249D3,Caterpillar 249D3,Track Loader,2024-01-01T00:00:00Z,2024-01-01T00:00:00Z
Caterpillar,255,Caterpillar 255,Track Loader,2024-01-01T00:00:00Z,2024-01-01T00:00:00Z
Caterpillar,257,Caterpillar 257,Track Loader,2024-01-01T00:00:00Z,2024-01-01T00:00:00Z
Caterpillar,257B,Caterpillar 257B,Track Loader,2024-01-01T00:00:00Z,2024-01-01T00:00:00Z
Caterpillar,257B2,Caterpillar 257B2,Track Loader,2024-01-01T00:00:00Z,2024-01-01T00:00:00Z
Caterpillar,257B3,Caterpillar 257B3,Track Loader,2024-01-01T00:00:00Z,2024-01-01T00:00:00Z
Caterpillar,257D,Caterpillar 257D,Track Loader,2024-01-01T00:00:00Z,2024-01-01T00:00:00Z
Caterpillar,259B,Caterpillar 259B,Track Loader,2024-01-01T00:00:00Z,2024-01-01T00:00:00Z
Caterpillar,259B3,Caterpillar 259B3,Track Loader,2024-01-01T00:00:00Z,2024-01-01T00:00:00Z
Caterpillar,259D,Caterpillar 259D,Track Loader,2024-01-01T00:00:00Z,2024-01-01T00:00:00Z
Caterpillar,259D3,Caterpillar 259D3,Track Loader,2024-01-01T00:00:00Z,2024-01-01T00:00:00Z
Caterpillar,265,Caterpillar 265,Track Loader,2024-01-01T00:00:00Z,2024-01-01T00:00:00Z
Caterpillar,267,Caterpillar 267,Track Loader,2024-01-01T00:00:00Z,2024-01-01T00:00:00Z
Caterpillar,267B,Caterpillar 267B,Track Loader,2024-01-01T00:00:00Z,2024-01-01T00:00:00Z
Caterpillar,267B2,Caterpillar 267B2,Track Loader,2024-01-01T00:00:00Z,2024-01-01T00:00:00Z
Caterpillar,277,Caterpillar 277,Track Loader,2024-01-01T00:00:00Z,2024-01-01T00:00:00Z
Caterpillar,277B,Caterpillar 277B,Track Loader,2024-01-01T00:00:00Z,2024-01-01T00:00:00Z
Caterpillar,277C,Caterpillar 277C,Track Loader,2024-01-01T00:00:00Z,2024-01-01T00:00:00Z
Caterpillar,277D,Caterpillar 277D,Track Loader,2024-01-01T00:00:00Z,2024-01-01T00:00:00Z
Caterpillar,277E,Caterpillar 277E,Track Loader,2024-01-01T00:00:00Z,2024-01-01T00:00:00Z
Caterpillar,279C,Caterpillar 279C,Track Loader,2024-01-01T00:00:00Z,2024-01-01T00:00:00Z
Caterpillar,279D,Caterpillar 279D,Track Loader,2024-01-01T00:00:00Z,2024-01-01T00:00:00Z
Caterpillar,279D2,Caterpillar 279D2,Track Loader,2024-01-01T00:00:00Z,2024-01-01T00:00:00Z
Caterpillar,287,Caterpillar 287,Track Loader,2024-01-01T00:00:00Z,2024-01-01T00:00:00Z
Caterpillar,287B,Caterpillar 287B,Track Loader,2024-01-01T00:00:00Z,2024-01-01T00:00:00Z
Caterpillar,287C,Caterpillar 287C,Track Loader,2024-01-01T00:00:00Z,2024-01-01T00:00:00Z
Caterpillar,287D,Caterpillar 287D,Track Loader,2024-01-01T00:00:00Z,2024-01-01T00:00:00Z
Caterpillar,289C,Caterpillar 289C,Track Loader,2024-01-01T00:00:00Z,2024-01-01T00:00:00Z
Caterpillar,289C2,Caterpillar 289C2,Track Loader,2024-01-01T00:00:00Z,2024-01-01T00:00:00Z
Caterpillar,289D,Caterpillar 289D,Track Loader,2024-01-01T00:00:00Z,2024-01-01T00:00:00Z
Caterpillar,289D2,Caterpillar 289D2,Track Loader,2024-01-01T00:00:00Z,2024-01-01T00:00:00Z
Caterpillar,289D3,Caterpillar 289D3,Track Loader,2024-01-01T00:00:00Z,2024-01-01T00:00:00Z
Caterpillar,297C,Caterpillar 297C,Track Loader,2024-01-01T00:00:00Z,2024-01-01T00:00:00Z
Caterpillar,297D,Caterpillar 297D,Track Loader,2024-01-01T00:00:00Z,2024-01-01T00:00:00Z
Caterpillar,297D2,Caterpillar 297D2,Track Loader,2024-01-01T00:00:00Z,2024-01-01T00:00:00Z
Caterpillar,299C,Caterpillar 299C,Track Loader,2024-01-01T00:00:00Z,2024-01-01T00:00:00Z
Caterpillar,299D,Caterpillar 299D,Track Loader,2024-01-01T00:00:00Z,2024-01-01T00:00:00Z
Caterpillar,299D2,Caterpillar 299D2,Track Loader,2024-01-01T00:00:00Z,2024-01-01T00:00:00Z
Caterpillar,299D3,Caterpillar 299D3,Track Loader,2024-01-01T00:00:00Z,2024-01-01T00:00:00Z
Caterpillar,299D2XHP,Caterpillar 299D2XHP,Track Loader,2024-01-01T00:00:00Z,2024-01-01T00:00:00Z
Caterpillar,299D3XE,Caterpillar 299D3XE,Track Loader,2024-01-01T00:00:00Z,2024-01-01T00:00:00Z
Dingo,220,Dingo 220,Track Loader,2024-01-01T00:00:00Z,2024-01-01T00:00:00Z
Dingo,222,Dingo 222,Track Loader,2024-01-01T00:00:00Z,2024-01-01T00:00:00Z
Dingo,223,Dingo 223,Track Loader,2024-01-01T00:00:00Z,2024-01-01T00:00:00Z
Dingo,323,Dingo 323,Track Loader,2024-01-01T00:00:00Z,2024-01-01T00:00:00Z
Dingo,325,Dingo 325,Track Loader,2024-01-01T00:00:00Z,2024-01-01T00:00:00Z
Dingo,427,Dingo 427,Track Loader,2024-01-01T00:00:00Z,2024-01-01T00:00:00Z
Dingo,427XL,Dingo 427XL,Track Loader,2024-01-01T00:00:00Z,2024-01-01T00:00:00Z
Dingo,525,Dingo 525,Track Loader,2024-01-01T00:00:00Z,2024-01-01T00:00:00Z
Dingo,525XL,Dingo 525XL,Track Loader,2024-01-01T00:00:00Z,2024-01-01T00:00:00Z
Dingo,525R,Dingo 525R,Track Loader,2024-01-01T00:00:00Z,2024-01-01T00:00:00Z
Dingo,527R,Dingo 527R,Track Loader,2024-01-01T00:00:00Z,2024-01-01T00:00:00Z
Dingo,K92,Dingo K92,Track Loader,2024-01-01T00:00:00Z,2024-01-01T00:00:00Z
Dingo,K93,Dingo K93,Track Loader,2024-01-01T00:00:00Z,2024-01-01T00:00:00Z
Dingo,K94,Dingo K94,Track Loader,2024-01-01T00:00:00Z,2024-01-01T00:00:00Z
Dingo,K93-4,Dingo K93-4,Track Loader,2024-01-01T00:00:00Z,2024-01-01T00:00:00Z
Dingo,K94-4,Dingo K94-4,Track Loader,2024-01-01T00:00:00Z,2024-01-01T00:00:00Z
Ditch Witch,SK650,Ditch Witch SK650,Track Loader,2024-01-01T00:00:00Z,2024-01-01T00:00:00Z
Ditch Witch,SK750,Ditch Witch SK750,Track Loader,2024-01-01T00:00:00Z,2024-01-01T00:00:00Z
Ditch Witch,SK755,Ditch Witch SK755,Track Loader,2024-01-01T00:00:00Z,2024-01-01T00:00:00Z
Ditch Witch,SK800,Ditch Witch SK800,Track Loader,2024-01-01T00:00:00Z,2024-01-01T00:00:00Z
Ditch Witch,SK850,Ditch Witch SK850,Track Loader,2024-01-01T00:00:00Z,2024-01-01T00:00:00Z
Ditch Witch,SK1050,Ditch Witch SK1050,Track Loader,2024-01-01T00:00:00Z,2024-01-01T00:00:00Z
Ditch Witch,SK3000,Ditch Witch SK3000,Track Loader,2024-01-01T00:00:00Z,2024-01-01T00:00:00Z
GEHL,RT105,GEHL RT105,Track Loader,2024-01-01T00:00:00Z,2024-01-01T00:00:00Z
GEHL,RT125,GEHL RT125,Track Loader,2024-01-01T00:00:00Z,2024-01-01T00:00:00Z
GEHL,RT165,GEHL RT165,Track Loader,2024-01-01T00:00:00Z,2024-01-01T00:00:00Z
GEHL,RT175,GEHL RT175,Track Loader,2024-01-01T00:00:00Z,2024-01-01T00:00:00Z
GEHL,RT210,GEHL RT210,Track Loader,2024-01-01T00:00:00Z,2024-01-01T00:00:00Z
GEHL,RT250,GEHL RT250,Track Loader,2024-01-01T00:00:00Z,2024-01-01T00:00:00Z
GEHL,RT255,GEHL RT255,Track Loader,2024-01-01T00:00:00Z,2024-01-01T00:00:00Z
GEHL,RT257,GEHL RT257,Track Loader,2024-01-01T00:00:00Z,2024-01-01T00:00:00Z
GEHL,RT260,GEHL RT260,Track Loader,2024-01-01T00:00:00Z,2024-01-01T00:00:00Z
GEHL,RT265,GEHL RT265,Track Loader,2024-01-01T00:00:00Z,2024-01-01T00:00:00Z
GEHL,RT270,GEHL RT270,Track Loader,2024-01-01T00:00:00Z,2024-01-01T00:00:00Z
GEHL,V180,GEHL V180,Track Loader,2024-01-01T00:00:00Z,2024-01-01T00:00:00Z
GEHL,V270,GEHL V270,Track Loader,2024-01-01T00:00:00Z,2024-01-01T00:00:00Z
GEHL,V330,GEHL V330,Track Loader,2024-01-01T00:00:00Z,2024-01-01T00:00:00Z
Hitachi,CG35,Hitachi CG35,Track Loader,2024-01-01T00:00:00Z,2024-01-01T00:00:00Z
Hitachi,CG40,Hitachi CG40,Track Loader,2024-01-01T00:00:00Z,2024-01-01T00:00:00Z
Hitachi,CG45,Hitachi CG45,Track Loader,2024-01-01T00:00:00Z,2024-01-01T00:00:00Z
Hitachi,CG50,Hitachi CG50,Track Loader,2024-01-01T00:00:00Z,2024-01-01T00:00:00Z
Hitachi,CG55,Hitachi CG55,Track Loader,2024-01-01T00:00:00Z,2024-01-01T00:00:00Z
Hitachi,CG60,Hitachi CG60,Track Loader,2024-01-01T00:00:00Z,2024-01-01T00:00:00Z
Hitachi,CG65,Hitachi CG65,Track Loader,2024-01-01T00:00:00Z,2024-01-01T00:00:00Z
Hyundai,HSL650-7,Hyundai HSL650-7,Track Loader,2024-01-01T00:00:00Z,2024-01-01T00:00:00Z
Hyundai,HSL810-7,Hyundai HSL810-7,Track Loader,2024-01-01T00:00:00Z,2024-01-01T00:00:00Z
Hyundai,HSL850-7A,Hyundai HSL850-7A,Track Loader,2024-01-01T00:00:00Z,2024-01-01T00:00:00Z
Hyundai,HSL1000T-7A,Hyundai HSL1000T-7A,Track Loader,2024-01-01T00:00:00Z,2024-01-01T00:00:00Z
Hyundai,HSL1200T-7A,Hyundai HSL1200T-7A,Track Loader,2024-01-01T00:00:00Z,2024-01-01T00:00:00Z
IHI,CL20,IHI CL20,Track Loader,2024-01-01T00:00:00Z,2024-01-01T00:00:00Z
IHI,CL25,IHI CL25,Track Loader,2024-01-01T00:00:00Z,2024-01-01T00:00:00Z
IHI,CL27,IHI CL27,Track Loader,2024-01-01T00:00:00Z,2024-01-01T00:00:00Z
IHI,CL30,IHI CL30,Track Loader,2024-01-01T00:00:00Z,2024-01-01T00:00:00Z
IHI,CL35,IHI CL35,Track Loader,2024-01-01T00:00:00Z,2024-01-01T00:00:00Z
IHI,CL40,IHI CL40,Track Loader,2024-01-01T00:00:00Z,2024-01-01T00:00:00Z
IHI,CL45,IHI CL45,Track Loader,2024-01-01T00:00:00Z,2024-01-01T00:00:00Z
IHI,CL50,IHI CL50,Track Loader,2024-01-01T00:00:00Z,2024-01-01T00:00:00Z
JCB,150T,JCB 150T,Track Loader,2024-01-01T00:00:00Z,2024-01-01T00:00:00Z
JCB,180T,JCB 180T,Track Loader,2024-01-01T00:00:00Z,2024-01-01T00:00:00Z
JCB,190T,JCB 190T,Track Loader,2024-01-01T00:00:00Z,2024-01-01T00:00:00Z
JCB,205T,JCB 205T,Track Loader,2024-01-01T00:00:00Z,2024-01-01T00:00:00Z
JCB,220T,JCB 220T,Track Loader,2024-01-01T00:00:00Z,2024-01-01T00:00:00Z
JCB,260T,JCB 260T,Track Loader,2024-01-01T00:00:00Z,2024-01-01T00:00:00Z
JCB,300T,JCB 300T,Track Loader,2024-01-01T00:00:00Z,2024-01-01T00:00:00Z
JCB,320T,JCB 320T,Track Loader,2024-01-01T00:00:00Z,2024-01-01T00:00:00Z
JCB,325T,JCB 325T,Track Loader,2024-01-01T00:00:00Z,2024-01-01T00:00:00Z
JCB,330T,JCB 330T,Track Loader,2024-01-01T00:00:00Z,2024-01-01T00:00:00Z
JCB,370,JCB 370,Track Loader,2024-01-01T00:00:00Z,2024-01-01T00:00:00Z
John Deere,315D,John Deere 315D,Track Loader,2024-01-01T00:00:00Z,2024-01-01T00:00:00Z
John Deere,317,John Deere 317,Track Loader,2024-01-01T00:00:00Z,2024-01-01T00:00:00Z
John Deere,317G,John Deere 317G,Track Loader,2024-01-01T00:00:00Z,2024-01-01T00:00:00Z
John Deere,319D,John Deere 319D,Track Loader,2024-01-01T00:00:00Z,2024-01-01T00:00:00Z
John Deere,319E,John Deere 319E,Track Loader,2024-01-01T00:00:00Z,2024-01-01T00:00:00Z
John Deere,323D,John Deere 323D,Track Loader,2024-01-01T00:00:00Z,2024-01-01T00:00:00Z
John Deere,323E,John Deere 323E,Track Loader,2024-01-01T00:00:00Z,2024-01-01T00:00:00Z
John Deere,325G,John Deere 325G,Track Loader,2024-01-01T00:00:00Z,2024-01-01T00:00:00Z
John Deere,329D,John Deere 329D,Track Loader,2024-01-01T00:00:00Z,2024-01-01T00:00:00Z
John Deere,329E,John Deere 329E,Track Loader,2024-01-01T00:00:00Z,2024-01-01T00:00:00Z
John Deere,331D,John Deere 331D,Track Loader,2024-01-01T00:00:00Z,2024-01-01T00:00:00Z
John Deere,331E,John Deere 331E,Track Loader,2024-01-01T00:00:00Z,2024-01-01T00:00:00Z
John Deere,331G,John Deere 331G,Track Loader,2024-01-01T00:00:00Z,2024-01-01T00:00:00Z
John Deere,333D,John Deere 333D,Track Loader,2024-01-01T00:00:00Z,2024-01-01T00:00:00Z
John Deere,333E,John Deere 333E,Track Loader,2024-01-01T00:00:00Z,2024-01-01T00:00:00Z
John Deere,333G,John Deere 333G,Track Loader,2024-01-01T00:00:00Z,2024-01-01T00:00:00Z
John Deere,CT322,John Deere CT322,Track Loader,2024-01-01T00:00:00Z,2024-01-01T00:00:00Z
John Deere,CT332,John Deere CT332,Track Loader,2024-01-01T00:00:00Z,2024-01-01T00:00:00Z
Kobelco,SK25SR,Kobelco SK25SR,Track Loader,2024-01-01T00:00:00Z,2024-01-01T00:00:00Z
Kobelco,SK27SR,Kobelco SK27SR,Track Loader,2024-01-01T00:00:00Z,2024-01-01T00:00:00Z
Kobelco,SK30SR,Kobelco SK30SR,Track Loader,2024-01-01T00:00:00Z,2024-01-01T00:00:00Z
Kobelco,SK35SR,Kobelco SK35SR,Track Loader,2024-01-01T00:00:00Z,2024-01-01T00:00:00Z
Kobelco,SK45SR,Kobelco SK45SR,Track Loader,2024-01-01T00:00:00Z,2024-01-01T00:00:00Z
Kobelco,SK55SR,Kobelco SK55SR,Track Loader,2024-01-01T00:00:00Z,2024-01-01T00:00:00Z
Komatsu,CK20,Komatsu CK20,Track Loader,2024-01-01T00:00:00Z,2024-01-01T00:00:00Z
Komatsu,CK25,Komatsu CK25,Track Loader,2024-01-01T00:00:00Z,2024-01-01T00:00:00Z
Komatsu,CK30,Komatsu CK30,Track Loader,2024-01-01T00:00:00Z,2024-01-01T00:00:00Z
Komatsu,CK35,Komatsu CK35,Track Loader,2024-01-01T00:00:00Z,2024-01-01T00:00:00Z
Kubota,SCL1000,Kubota SCL1000,Track Loader,2024-01-01T00:00:00Z,2024-01-01T00:00:00Z
Kubota,SCL1000R,Kubota SCL1000R,Track Loader,2024-01-01T00:00:00Z,2024-01-01T00:00:00Z
Kubota,SVL65,Kubota SVL65,Track Loader,2024-01-01T00:00:00Z,2024-01-01T00:00:00Z
Kubota,SVL65-2,Kubota SVL65-2,Track Loader,2024-01-01T00:00:00Z,2024-01-01T00:00:00Z
Kubota,SVL75,Kubota SVL75,Track Loader,2024-01-01T00:00:00Z,2024-01-01T00:00:00Z
Kubota,SVL75-2,Kubota SVL75-2,Track Loader,2024-01-01T00:00:00Z,2024-01-01T00:00:00Z
Kubota,SVL75-2C,Kubota SVL75-2C,Track Loader,2024-01-01T00:00:00Z,2024-01-01T00:00:00Z
Kubota,SVL75-3,Kubota SVL75-3,Track Loader,2024-01-01T00:00:00Z,2024-01-01T00:00:00Z
Kubota,SVL90,Kubota SVL90,Track Loader,2024-01-01T00:00:00Z,2024-01-01T00:00:00Z
Kubota,SVL90-2,Kubota SVL90-2,Track Loader,2024-01-01T00:00:00Z,2024-01-01T00:00:00Z
Kubota,SVL95,Kubota SVL95,Track Loader,2024-01-01T00:00:00Z,2024-01-01T00:00:00Z
Kubota,SVL95-2,Kubota SVL95-2,Track Loader,2024-01-01T00:00:00Z,2024-01-01T00:00:00Z
Kubota,SVL95-2S,Kubota SVL95-2S,Track Loader,2024-01-01T00:00:00Z,2024-01-01T00:00:00Z
Kubota,SVL95-3,Kubota SVL95-3,Track Loader,2024-01-01T00:00:00Z,2024-01-01T00:00:00Z
Kubota,SVL97,Kubota SVL97,Track Loader,2024-01-01T00:00:00Z,2024-01-01T00:00:00Z
Kubota,SVL97-2,Kubota SVL97-2,Track Loader,2024-01-01T00:00:00Z,2024-01-01T00:00:00Z
Kubota,SVL97-2C,Kubota SVL97-2C,Track Loader,2024-01-01T00:00:00Z,2024-01-01T00:00:00Z
Kubota,SVL97-3,Kubota SVL97-3,Track Loader,2024-01-01T00:00:00Z,2024-01-01T00:00:00Z
Mustang,MTL16,Mustang MTL16,Track Loader,2024-01-01T00:00:00Z,2024-01-01T00:00:00Z
Mustang,MTL20,Mustang MTL20,Track Loader,2024-01-01T00:00:00Z,2024-01-01T00:00:00Z
Mustang,MTL25,Mustang MTL25,Track Loader,2024-01-01T00:00:00Z,2024-01-01T00:00:00Z
Mustang,MTL316,Mustang MTL316,Track Loader,2024-01-01T00:00:00Z,2024-01-01T00:00:00Z
Mustang,MTL320,Mustang MTL320,Track Loader,2024-01-01T00:00:00Z,2024-01-01T00:00:00Z
Mustang,MTL325,Mustang MTL325,Track Loader,2024-01-01T00:00:00Z,2024-01-01T00:00:00Z
Mustang,1500R,Mustang 1500R,Track Loader,2024-01-01T00:00:00Z,2024-01-01T00:00:00Z
Mustang,1700RT,Mustang 1700RT,Track Loader,2024-01-01T00:00:00Z,2024-01-01T00:00:00Z
Mustang,1750R,Mustang 1750R,Track Loader,2024-01-01T00:00:00Z,2024-01-01T00:00:00Z
Mustang,1750RT,Mustang 1750RT,Track Loader,2024-01-01T00:00:00Z,2024-01-01T00:00:00Z
Mustang,2050RT,Mustang 2050RT,Track Loader,2024-01-01T00:00:00Z,2024-01-01T00:00:00Z
Mustang,2100RT,Mustang 2100RT,Track Loader,2024-01-01T00:00:00Z,2024-01-01T00:00:00Z
Mustang,2700RT,Mustang 2700RT,Track Loader,2024-01-01T00:00:00Z,2024-01-01T00:00:00Z
New Holland,C175,New Holland C175,Track Loader,2024-01-01T00:00:00Z,2024-01-01T00:00:00Z
New Holland,C185,New Holland C185,Track Loader,2024-01-01T00:00:00Z,2024-01-01T00:00:00Z
New Holland,C190,New Holland C190,Track Loader,2024-01-01T00:00:00Z,2024-01-01T00:00:00Z
New Holland,C227,New Holland C227,Track Loader,2024-01-01T00:00:00Z,2024-01-01T00:00:00Z
New Holland,C232,New Holland C232,Track Loader,2024-01-01T00:00:00Z,2024-01-01T00:00:00Z
New Holland,C238,New Holland C238,Track Loader,2024-01-01T00:00:00Z,2024-01-01T00:00:00Z
New Holland,C245,New Holland C245,Track Loader,2024-01-01T00:00:00Z,2024-01-01T00:00:00Z
New Holland,C262,New Holland C262,Track Loader,2024-01-01T00:00:00Z,2024-01-01T00:00:00Z
New Holland,C280,New Holland C280,Track Loader,2024-01-01T00:00:00Z,2024-01-01T00:00:00Z
New Holland,C296,New Holland C296,Track Loader,2024-01-01T00:00:00Z,2024-01-01T00:00:00Z
New Holland,C314,New Holland C314,Track Loader,2024-01-01T00:00:00Z,2024-01-01T00:00:00Z
New Holland,C334,New Holland C334,Track Loader,2024-01-01T00:00:00Z,2024-01-01T00:00:00Z
New Holland,C337,New Holland C337,Track Loader,2024-01-01T00:00:00Z,2024-01-01T00:00:00Z
New Holland,C354,New Holland C354,Track Loader,2024-01-01T00:00:00Z,2024-01-01T00:00:00Z
Takeuchi,TL6,Takeuchi TL6,Track Loader,2024-01-01T00:00:00Z,2024-01-01T00:00:00Z
Takeuchi,TL6R,Takeuchi TL6R,Track Loader,2024-01-01T00:00:00Z,2024-01-01T00:00:00Z
Takeuchi,TL8,Takeuchi TL8,Track Loader,2024-01-01T00:00:00Z,2024-01-01T00:00:00Z
Takeuchi,TL8R2,Takeuchi TL8R2,Track Loader,2024-01-01T00:00:00Z,2024-01-01T00:00:00Z
Takeuchi,TL10,Takeuchi TL10,Track Loader,2024-01-01T00:00:00Z,2024-01-01T00:00:00Z
Takeuchi,TL10V2,Takeuchi TL10V2,Track Loader,2024-01-01T00:00:00Z,2024-01-01T00:00:00Z
Takeuchi,TL12,Takeuchi TL12,Track Loader,2024-01-01T00:00:00Z,2024-01-01T00:00:00Z
Takeuchi,TL12R2,Takeuchi TL12R2,Track Loader,2024-01-01T00:00:00Z,2024-01-01T00:00:00Z
Takeuchi,TL12V2,Takeuchi TL12V2,Track Loader,2024-01-01T00:00:00Z,2024-01-01T00:00:00Z
Terex,PT30,Terex PT30,Track Loader,2024-01-01T00:00:00Z,2024-01-01T00:00:00Z
Terex,PT50,Terex PT50,Track Loader,2024-01-01T00:00:00Z,2024-01-01T00:00:00Z
Terex,PT60,Terex PT60,Track Loader,2024-01-01T00:00:00Z,2024-01-01T00:00:00Z
Terex,PT70,Terex PT70,Track Loader,2024-01-01T00:00:00Z,2024-01-01T00:00:00Z
Terex,PT80,Terex PT80,Track Loader,2024-01-01T00:00:00Z,2024-01-01T00:00:00Z
Terex,PT100,Terex PT100,Track Loader,2024-01-01T00:00:00Z,2024-01-01T00:00:00Z
Terex,PT110,Terex PT110,Track Loader,2024-01-01T00:00:00Z,2024-01-01T00:00:00Z
Terex,R160,Terex R160,Track Loader,2024-01-01T00:00:00Z,2024-01-01T00:00:00Z
Terex,R165,Terex R165,Track Loader,2024-01-01T00:00:00Z,2024-01-01T00:00:00Z
Terex,R190,Terex R190,Track Loader,2024-01-01T00:00:00Z,2024-01-01T00:00:00Z
Terex,R350,Terex R350,Track Loader,2024-01-01T00:00:00Z,2024-01-01T00:00:00Z
Terramac,RT6,Terramac RT6,Track Loader,2024-01-01T00:00:00Z,2024-01-01T00:00:00Z
Terramac,RT9,Terramac RT9,Track Loader,2024-01-01T00:00:00Z,2024-01-01T00:00:00Z
Terramac,RT14,Terramac RT14,Track Loader,2024-01-01T00:00:00Z,2024-01-01T00:00:00Z
Terramac,RT14R,Terramac RT14R,Track Loader,2024-01-01T00:00:00Z,2024-01-01T00:00:00Z
Toro,TX427,Toro TX427,Track Loader,2024-01-01T00:00:00Z,2024-01-01T00:00:00Z
Toro,TX525,Toro TX525,Track Loader,2024-01-01T00:00:00Z,2024-01-01T00:00:00Z
Toro,Dingo 220,Toro Dingo 220,Track Loader,2024-01-01T00:00:00Z,2024-01-01T00:00:00Z
Toro,Dingo 323,Toro Dingo 323,Track Loader,2024-01-01T00:00:00Z,2024-01-01T00:00:00Z
Toro,Dingo 427,Toro Dingo 427,Track Loader,2024-01-01T00:00:00Z,2024-01-01T00:00:00Z
Toro,Dingo 525,Toro Dingo 525,Track Loader,2024-01-01T00:00:00Z,2024-01-01T00:00:00Z
Vermeer,S450TX,Vermeer S450TX,Track Loader,2024-01-01T00:00:00Z,2024-01-01T00:00:00Z
Vermeer,S650TX,Vermeer S650TX,Track Loader,2024-01-01T00:00:00Z,2024-01-01T00:00:00Z
Vermeer,S750TX,Vermeer S750TX,Track Loader,2024-01-01T00:00:00Z,2024-01-01T00:00:00Z
Vermeer,S800TX,Vermeer S800TX,Track Loader,2024-01-01T00:00:00Z,2024-01-01T00:00:00Z
Vermeer,S925TX,Vermeer S925TX,Track Loader,2024-01-01T00:00:00Z,2024-01-01T00:00:00Z
Volvo,MCT85C,Volvo MCT85C,Track Loader,2024-01-01T00:00:00Z,2024-01-01T00:00:00Z
Volvo,MCT110C,Volvo MCT110C,Track Loader,2024-01-01T00:00:00Z,2024-01-01T00:00:00Z
Volvo,MCT125C,Volvo MCT125C,Track Loader,2024-01-01T00:00:00Z,2024-01-01T00:00:00Z
Volvo,MCT135C,Volvo MCT135C,Track Loader,2024-01-01T00:00:00Z,2024-01-01T00:00:00Z
Volvo,MCT145C,Volvo MCT145C,Track Loader,2024-01-01T00:00:00Z,2024-01-01T00:00:00Z
Wacker Neuson,ST20,Wacker Neuson ST20,Track Loader,2024-01-01T00:00:00Z,2024-01-01T00:00:00Z
Wacker Neuson,ST25,Wacker Neuson ST25,Track Loader,2024-01-01T00:00:00Z,2024-01-01T00:00:00Z
Wacker Neuson,ST28,Wacker Neuson ST28,Track Loader,2024-01-01T00:00:00Z,2024-01-01T00:00:00Z
Wacker Neuson,ST31,Wacker Neuson ST31,Track Loader,2024-01-01T00:00:00Z,2024-01-01T00:00:00Z
Wacker Neuson,ST35,Wacker Neuson ST35,Track Loader,2024-01-01T00:00:00Z,2024-01-01T00:00:00Z
Wacker Neuson,901S,Wacker Neuson 901S,Track Loader,2024-01-01T00:00:00Z,2024-01-01T00:00:00Z
Wacker Neuson,1501S,Wacker Neuson 1501S,Track Loader,2024-01-01T00:00:00Z,2024-01-01T00:00:00Z
Wacker Neuson,1701S,Wacker Neuson 1701S,Track Loader,2024-01-01T00:00:00Z,2024-01-01T00:00:00Z
Wacker Neuson,1801S,Wacker Neuson 1801S,Track Loader,2024-01-01T00:00:00Z,2024-01-01T00:00:00Z
Wacker Neuson,2001S,Wacker Neuson 2001S,Track Loader,2024-01-01T00:00:00Z,2024-01-01T00:00:00Z
Wacker Neuson,2503,Wacker Neuson 2503,Track Loader,2024-01-01T00:00:00Z,2024-01-01T00:00:00Z
Wacker Neuson,2703,Wacker Neuson 2703,Track Loader,2024-01-01T00:00:00Z,2024-01-01T00:00:00Z
Wacker Neuson,3503,Wacker Neuson 3503,Track Loader,2024-01-01T00:00:00Z,2024-01-01T00:00:00Z
Wacker Neuson,4503,Wacker Neuson 4503,Track Loader,2024-01-01T00:00:00Z,2024-01-01T00:00:00Z
Wacker Neuson,5503,Wacker Neuson 5503,Track Loader,2024-01-01T00:00:00Z,2024-01-01T00:00:00Z
Yanmar,T174,Yanmar T174,Track Loader,2024-01-01T00:00:00Z,2024-01-01T00:00:00Z
Yanmar,T210,Yanmar T210,Track Loader,2024-01-01T00:00:00Z,2024-01-01T00:00:00Z
Yanmar,T320,Yanmar T320,Track Loader,2024-01-01T00:00:00Z,2024-01-01T00:00:00Z
Yanmar,T475,Yanmar T475,Track Loader,2024-01-01T00:00:00Z,2024-01-01T00:00:00Z
Bobcat,320,Bobcat 320,Mini Excavator,2024-01-01T00:00:00Z,2024-01-01T00:00:00Z
Bobcat,322G,Bobcat 322G,Mini Excavator,2024-01-01T00:00:00Z,2024-01-01T00:00:00Z
Bobcat,323,Bobcat 323,Mini Excavator,2024-01-01T00:00:00Z,2024-01-01T00:00:00Z
Bobcat,324,Bobcat 324,Mini Excavator,2024-01-01T00:00:00Z,2024-01-01T00:00:00Z
Bobcat,325,Bobcat 325,Mini Excavator,2024-01-01T00:00:00Z,2024-01-01T00:00:00Z
Bobcat,325G,Bobcat 325G,Mini Excavator,2024-01-01T00:00:00Z,2024-01-01T00:00:00Z
Bobcat,331,Bobcat 331,Mini Excavator,2024-01-01T00:00:00Z,2024-01-01T00:00:00Z
Bobcat,331D,Bobcat 331D,Mini Excavator,2024-01-01T00:00:00Z,2024-01-01T00:00:00Z
Bobcat,331E,Bobcat 331E,Mini Excavator,2024-01-01T00:00:00Z,2024-01-01T00:00:00Z
Bobcat,331G,Bobcat 331G,Mini Excavator,2024-01-01T00:00:00Z,2024-01-01T00:00:00Z
Bobcat,334,Bobcat 334,Mini Excavator,2024-01-01T00:00:00Z,2024-01-01T00:00:00Z
Bobcat,334D,Bobcat 334D,Mini Excavator,2024-01-01T00:00:00Z,2024-01-01T00:00:00Z
Bobcat,334G,Bobcat 334G,Mini Excavator,2024-01-01T00:00:00Z,2024-01-01T00:00:00Z
Bobcat,335,Bobcat 335,Mini Excavator,2024-01-01T00:00:00Z,2024-01-01T00:00:00Z
Bobcat,337,Bobcat 337,Mini Excavator,2024-01-01T00:00:00Z,2024-01-01T00:00:00Z
Bobcat,337G,Bobcat 337G,Mini Excavator,2024-01-01T00:00:00Z,2024-01-01T00:00:00Z
Bobcat,341,Bobcat 341,Mini Excavator,2024-01-01T00:00:00Z,2024-01-01T00:00:00Z
Bobcat,418,Bobcat 418,Mini Excavator,2024-01-01T00:00:00Z,2024-01-01T00:00:00Z
Bobcat,430,Bobcat 430,Mini Excavator,2024-01-01T00:00:00Z,2024-01-01T00:00:00Z
Bobcat,442,Bobcat 442,Mini Excavator,2024-01-01T00:00:00Z,2024-01-01T00:00:00Z
Bobcat,E10,Bobcat E10,Mini Excavator,2024-01-01T00:00:00Z,2024-01-01T00:00:00Z
Bobcat,E10E,Bobcat E10E,Mini Excavator,2024-01-01T00:00:00Z,2024-01-01T00:00:00Z
Bobcat,E10Z,Bobcat E10Z,Mini Excavator,2024-01-01T00:00:00Z,2024-01-01T00:00:00Z
Bobcat,E17,Bobcat E17,Mini Excavator,2024-01-01T00:00:00Z,2024-01-01T00:00:00Z
Bobcat,E19,Bobcat E19,Mini Excavator,2024-01-01T00:00:00Z,2024-01-01T00:00:00Z
Bobcat,E20,Bobcat E20,Mini Excavator,2024-01-01T00:00:00Z,2024-01-01T00:00:00Z
Bobcat,E20Z,Bobcat E20Z,Mini Excavator,2024-01-01T00:00:00Z,2024-01-01T00:00:00Z
Bobcat,E26,Bobcat E26,Mini Excavator,2024-01-01T00:00:00Z,2024-01-01T00:00:00Z
Bobcat,E26R,Bobcat E26R,Mini Excavator,2024-01-01T00:00:00Z,2024-01-01T00:00:00Z
Bobcat,E32,Bobcat E32,Mini Excavator,2024-01-01T00:00:00Z,2024-01-01T00:00:00Z
Bobcat,E32i,Bobcat E32i,Mini Excavator,2024-01-01T00:00:00Z,2024-01-01T00:00:00Z
Bobcat,E35,Bobcat E35,Mini Excavator,2024-01-01T00:00:00Z,2024-01-01T00:00:00Z
Bobcat,E35i,Bobcat E35i,Mini Excavator,2024-01-01T00:00:00Z,2024-01-01T00:00:00Z
Bobcat,E35R2,Bobcat E35R2,Mini Excavator,2024-01-01T00:00:00Z,2024-01-01T00:00:00Z
Bobcat,E42,Bobcat E42,Mini Excavator,2024-01-01T00:00:00Z,2024-01-01T00:00:00Z
Bobcat,E42R2,Bobcat E42R2,Mini Excavator,2024-01-01T00:00:00Z,2024-01-01T00:00:00Z
Bobcat,E45,Bobcat E45,Mini Excavator,2024-01-01T00:00:00Z,2024-01-01T00:00:00Z
Bobcat,E50,Bobcat E50,Mini Excavator,2024-01-01T00:00:00Z,2024-01-01T00:00:00Z
Bobcat,E50R2,Bobcat E50R2,Mini Excavator,2024-01-01T00:00:00Z,2024-01-01T00:00:00Z
Bobcat,E55,Bobcat E55,Mini Excavator,2024-01-01T00:00:00Z,2024-01-01T00:00:00Z
Bobcat,E60,Bobcat E60,Mini Excavator,2024-01-01T00:00:00Z,2024-01-01T00:00:00Z
Bobcat,E60R2,Bobcat E60R2,Mini Excavator,2024-01-01T00:00:00Z,2024-01-01T00:00:00Z
Bobcat,E63,Bobcat E63,Mini Excavator,2024-01-01T00:00:00Z,2024-01-01T00:00:00Z
Bobcat,E80,Bobcat E80,Mini Excavator,2024-01-01T00:00:00Z,2024-01-01T00:00:00Z
Bobcat,E85,Bobcat E85,Mini Excavator,2024-01-01T00:00:00Z,2024-01-01T00:00:00Z
Bobcat,X331,Bobcat X331,Mini Excavator,2024-01-01T00:00:00Z,2024-01-01T00:00:00Z
CASE,CX14,CASE CX14,Mini Excavator,2024-01-01T00:00:00Z,2024-01-01T00:00:00Z
CASE,CX17B,CASE CX17B,Mini Excavator,2024-01-01T00:00:00Z,2024-01-01T00:00:00Z
CASE,CX17C,CASE CX17C,Mini Excavator,2024-01-01T00:00:00Z,2024-01-01T00:00:00Z
CASE,CX25,CASE CX25,Mini Excavator,2024-01-01T00:00:00Z,2024-01-01T00:00:00Z
CASE,CX27B,CASE CX27B,Mini Excavator,2024-01-01T00:00:00Z,2024-01-01T00:00:00Z
CASE,CX30C,CASE CX30C,Mini Excavator,2024-01-01T00:00:00Z,2024-01-01T00:00:00Z
CASE,CX31B,CASE CX31B,Mini Excavator,2024-01-01T00:00:00Z,2024-01-01T00:00:00Z
CASE,CX36B,CASE CX36B,Mini Excavator,2024-01-01T00:00:00Z,2024-01-01T00:00:00Z
CASE,CX50,CASE CX50,Mini Excavator,2024-01-01T00:00:00Z,2024-01-01T00:00:00Z
CASE,CX55B,CASE CX55B,Mini Excavator,2024-01-01T00:00:00Z,2024-01-01T00:00:00Z
CASE,CX57C,CASE CX57C,Mini Excavator,2024-01-01T00:00:00Z,2024-01-01T00:00:00Z
CASE,CX60C,CASE CX60C,Mini Excavator,2024-01-01T00:00:00Z,2024-01-01T00:00:00Z
CASE,CX75CSR,CASE CX75CSR,Mini Excavator,2024-01-01T00:00:00Z,2024-01-01T00:00:00Z
CASE,CX80C,CASE CX80C,Mini Excavator,2024-01-01T00:00:00Z,2024-01-01T00:00:00Z
Caterpillar,301.4C,Caterpillar 301.4C,Mini Excavator,2024-01-01T00:00:00Z,2024-01-01T00:00:00Z
Caterpillar,301.5,Caterpillar 301.5,Mini Excavator,2024-01-01T00:00:00Z,2024-01-01T00:00:00Z
Caterpillar,301.6,Caterpillar 301.6,Mini Excavator,2024-01-01T00:00:00Z,2024-01-01T00:00:00Z
Caterpillar,301.7CR,Caterpillar 301.7CR,Mini Excavator,2024-01-01T00:00:00Z,2024-01-01T00:00:00Z
Caterpillar,301.7D,Caterpillar 301.7D,Mini Excavator,2024-01-01T00:00:00Z,2024-01-01T00:00:00Z
Caterpillar,301.8,Caterpillar 301.8,Mini Excavator,2024-01-01T00:00:00Z,2024-01-01T00:00:00Z
Caterpillar,301.8C,Caterpillar 301.8C,Mini Excavator,2024-01-01T00:00:00Z,2024-01-01T00:00:00Z
Caterpillar,302.5,Caterpillar 302.5,Mini Excavator,2024-01-01T00:00:00Z,2024-01-01T00:00:00Z
Caterpillar,302.5CR,Caterpillar 302.5CR,Mini Excavator,2024-01-01T00:00:00Z,2024-01-01T00:00:00Z
Caterpillar,302.7D,Caterpillar 302.7D,Mini Excavator,2024-01-01T00:00:00Z,2024-01-01T00:00:00Z
Caterpillar,302.7DCR,Caterpillar 302.7DCR,Mini Excavator,2024-01-01T00:00:00Z,2024-01-01T00:00:00Z
Caterpillar,303.5CCR,Caterpillar 303.5CCR,Mini Excavator,2024-01-01T00:00:00Z,2024-01-01T00:00:00Z
Caterpillar,303.5DCR,Caterpillar 303.5DCR,Mini Excavator,2024-01-01T00:00:00Z,2024-01-01T00:00:00Z
Caterpillar,303.5E2CR,Caterpillar 303.5E2CR,Mini Excavator,2024-01-01T00:00:00Z,2024-01-01T00:00:00Z
Caterpillar,303.5ECR,Caterpillar 303.5ECR,Mini Excavator,2024-01-01T00:00:00Z,2024-01-01T00:00:00Z
Caterpillar,303CCR,Caterpillar 303CCR,Mini Excavator,2024-01-01T00:00:00Z,2024-01-01T00:00:00Z
Caterpillar,303CR,Caterpillar 303CR,Mini Excavator,2024-01-01T00:00:00Z,2024-01-01T00:00:00Z
Caterpillar,303ECR,Caterpillar 303ECR,Mini Excavator,2024-01-01T00:00:00Z,2024-01-01T00:00:00Z
Caterpillar,304CCR,Caterpillar 304CCR,Mini Excavator,2024-01-01T00:00:00Z,2024-01-01T00:00:00Z
Caterpillar,304CR,Caterpillar 304CR,Mini Excavator,2024-01-01T00:00:00Z,2024-01-01T00:00:00Z
Caterpillar,304DCR,Caterpillar 304DCR,Mini Excavator,2024-01-01T00:00:00Z,2024-01-01T00:00:00Z
Caterpillar,304E2CR,Caterpillar 304E2CR,Mini Excavator,2024-01-01T00:00:00Z,2024-01-01T00:00:00Z
Caterpillar,304ECR,Caterpillar 304ECR,Mini Excavator,2024-01-01T00:00:00Z,2024-01-01T00:00:00Z
Caterpillar,305,Caterpillar 305,Mini Excavator,2024-01-01T00:00:00Z,2024-01-01T00:00:00Z
Caterpillar,305.5DCR,Caterpillar 305.5DCR,Mini Excavator,2024-01-01T00:00:00Z,2024-01-01T00:00:00Z
Caterpillar,305.5E,Caterpillar 305.5E,Mini Excavator,2024-01-01T00:00:00Z,2024-01-01T00:00:00Z
Caterpillar,305.5E2,Caterpillar 305.5E2,Mini Excavator,2024-01-01T00:00:00Z,2024-01-01T00:00:00Z
Caterpillar,305.5E2CR,Caterpillar 305.5E2CR,Mini Excavator,2024-01-01T00:00:00Z,2024-01-01T00:00:00Z
Caterpillar,305.5ECR,Caterpillar 305.5ECR,Mini Excavator,2024-01-01T00:00:00Z,2024-01-01T00:00:00Z
Caterpillar,305CCR,Caterpillar 305CCR,Mini Excavator,2024-01-01T00:00:00Z,2024-01-01T00:00:00Z
Caterpillar,305D CR,Caterpillar 305D CR,Mini Excavator,2024-01-01T00:00:00Z,2024-01-01T00:00:00Z
Caterpillar,305E2,Caterpillar 305E2,Mini Excavator,2024-01-01T00:00:00Z,2024-01-01T00:00:00Z
Caterpillar,305E2CR,Caterpillar 305E2CR,Mini Excavator,2024-01-01T00:00:00Z,2024-01-01T00:00:00Z
Caterpillar,305ECR,Caterpillar 305ECR,Mini Excavator,2024-01-01T00:00:00Z,2024-01-01T00:00:00Z
Caterpillar,306,Caterpillar 306,Mini Excavator,2024-01-01T00:00:00Z,2024-01-01T00:00:00Z
Caterpillar,308E2CR,Caterpillar 308E2CR,Mini Excavator,2024-01-01T00:00:00Z,2024-01-01T00:00:00Z
Doosan,DX19,Doosan DX19,Mini Excavator,2024-01-01T00:00:00Z,2024-01-01T00:00:00Z
Doosan,DX27,Doosan DX27,Mini Excavator,2024-01-01T00:00:00Z,2024-01-01T00:00:00Z
Doosan,DX27Z,Doosan DX27Z,Mini Excavator,2024-01-01T00:00:00Z,2024-01-01T00:00:00Z
Doosan,DX30,Doosan DX30,Mini Excavator,2024-01-01T00:00:00Z,2024-01-01T00:00:00Z
Doosan,DX30Z,Doosan DX30Z,Mini Excavator,2024-01-01T00:00:00Z,2024-01-01T00:00:00Z
Doosan,DX35,Doosan DX35,Mini Excavator,2024-01-01T00:00:00Z,2024-01-01T00:00:00Z
Doosan,DX35Z,Doosan DX35Z,Mini Excavator,2024-01-01T00:00:00Z,2024-01-01T00:00:00Z
Doosan,DX55,Doosan DX55,Mini Excavator,2024-01-01T00:00:00Z,2024-01-01T00:00:00Z
Doosan,DX60,Doosan DX60,Mini Excavator,2024-01-01T00:00:00Z,2024-01-01T00:00:00Z
Doosan,DX60R,Doosan DX60R,Mini Excavator,2024-01-01T00:00:00Z,2024-01-01T00:00:00Z
Doosan,DX62R,Doosan DX62R,Mini Excavator,2024-01-01T00:00:00Z,2024-01-01T00:00:00Z
Doosan,DX63R,Doosan DX63R,Mini Excavator,2024-01-01T00:00:00Z,2024-01-01T00:00:00Z
Doosan,DX80,Doosan DX80,Mini Excavator,2024-01-01T00:00:00Z,2024-01-01T00:00:00Z
Doosan,DX80R,Doosan DX80R,Mini Excavator,2024-01-01T00:00:00Z,2024-01-01T00:00:00Z
Doosan,DX85R,Doosan DX85R,Mini Excavator,2024-01-01T00:00:00Z,2024-01-01T00:00:00Z
Gehl,503Z,Gehl 503Z,Mini Excavator,2024-01-01T00:00:00Z,2024-01-01T00:00:00Z
Gehl,Z35,Gehl Z35,Mini Excavator,2024-01-01T00:00:00Z,2024-01-01T00:00:00Z
John Deere,17D,John Deere 17D,Mini Excavator,2024-01-01T00:00:00Z,2024-01-01T00:00:00Z
John Deere,17G,John Deere 17G,Mini Excavator,2024-01-01T00:00:00Z,2024-01-01T00:00:00Z
John Deere,26G,John Deere 26G,Mini Excavator,2024-01-01T00:00:00Z,2024-01-01T00:00:00Z
John Deere,27CZTS,John Deere 27CZTS,Mini Excavator,2024-01-01T00:00:00Z,2024-01-01T00:00:00Z
John Deere,27D,John Deere 27D,Mini Excavator,2024-01-01T00:00:00Z,2024-01-01T00:00:00Z
John Deere,30G,John Deere 30G,Mini Excavator,2024-01-01T00:00:00Z,2024-01-01T00:00:00Z
John Deere,35C,John Deere 35C,Mini Excavator,2024-01-01T00:00:00Z,2024-01-01T00:00:00Z
John Deere,35D,John Deere 35D,Mini Excavator,2024-01-01T00:00:00Z,2024-01-01T00:00:00Z
John Deere,35G,John Deere 35G,Mini Excavator,2024-01-01T00:00:00Z,2024-01-01T00:00:00Z
John Deere,35ZTS,John Deere 35ZTS,Mini Excavator,2024-01-01T00:00:00Z,2024-01-01T00:00:00Z
John Deere,50D,John Deere 50D,Mini Excavator,2024-01-01T00:00:00Z,2024-01-01T00:00:00Z
John Deere,50G,John Deere 50G,Mini Excavator,2024-01-01T00:00:00Z,2024-01-01T00:00:00Z
John Deere,60D,John Deere 60D,Mini Excavator,2024-01-01T00:00:00Z,2024-01-01T00:00:00Z
John Deere,60G,John Deere 60G,Mini Excavator,2024-01-01T00:00:00Z,2024-01-01T00:00:00Z
Kubota,KX018-4,Kubota KX018-4,Mini Excavator,2024-01-01T00:00:00Z,2024-01-01T00:00:00Z
Kubota,KX033,Kubota KX033,Mini Excavator,2024-01-01T00:00:00Z,2024-01-01T00:00:00Z
Kubota,KX033-4,Kubota KX033-4,Mini Excavator,2024-01-01T00:00:00Z,2024-01-01T00:00:00Z
Kubota,KX040,Kubota KX040,Mini Excavator,2024-01-01T00:00:00Z,2024-01-01T00:00:00Z
Kubota,KX040-4,Kubota KX040-4,Mini Excavator,2024-01-01T00:00:00Z,2024-01-01T00:00:00Z
Kubota,KX057-4,Kubota KX057-4,Mini Excavator,2024-01-01T00:00:00Z,2024-01-01T00:00:00Z
Kubota,KX057-5,Kubota KX057-5,Mini Excavator,2024-01-01T00:00:00Z,2024-01-01T00:00:00Z
Kubota,KX080-3,Kubota KX080-3,Mini Excavator,2024-01-01T00:00:00Z,2024-01-01T00:00:00Z
Kubota,KX080-4,Kubota KX080-4,Mini Excavator,2024-01-01T00:00:00Z,2024-01-01T00:00:00Z
Kubota,KX080-5,Kubota KX080-5,Mini Excavator,2024-01-01T00:00:00Z,2024-01-01T00:00:00Z
Kubota,KX121-2,Kubota KX121-2,Mini Excavator,2024-01-01T00:00:00Z,2024-01-01T00:00:00Z
Kubota,KX121-3,Kubota KX121-3,Mini Excavator,2024-01-01T00:00:00Z,2024-01-01T00:00:00Z
Kubota,KX161-3,Kubota KX161-3,Mini Excavator,2024-01-01T00:00:00Z,2024-01-01T00:00:00Z
Kubota,KX21,Kubota KX21,Mini Excavator,2024-01-01T00:00:00Z,2024-01-01T00:00:00Z
Kubota,KX41-2,Kubota KX41-2,Mini Excavator,2024-01-01T00:00:00Z,2024-01-01T00:00:00Z
Kubota,KX41-2V,Kubota KX41-2V,Mini Excavator,2024-01-01T00:00:00Z,2024-01-01T00:00:00Z
Kubota,KX61-2,Kubota KX61-2,Mini Excavator,2024-01-01T00:00:00Z,2024-01-01T00:00:00Z
Kubota,KX71-3,Kubota KX71-3,Mini Excavator,2024-01-01T00:00:00Z,2024-01-01T00:00:00Z
Kubota,KX91,Kubota KX91,Mini Excavator,2024-01-01T00:00:00Z,2024-01-01T00:00:00Z
Kubota,KX91-2,Kubota KX91-2,Mini Excavator,2024-01-01T00:00:00Z,2024-01-01T00:00:00Z
Kubota,KX91-3,Kubota KX91-3,Mini Excavator,2024-01-01T00:00:00Z,2024-01-01T00:00:00Z
Kubota,U15,Kubota U15,Mini Excavator,2024-01-01T00:00:00Z,2024-01-01T00:00:00Z
Kubota,U17,Kubota U17,Mini Excavator,2024-01-01T00:00:00Z,2024-01-01T00:00:00Z
Kubota,U25-3,Kubota U25-3,Mini Excavator,2024-01-01T00:00:00Z,2024-01-01T00:00:00Z
Kubota,U35-4,Kubota U35-4,Mini Excavator,2024-01-01T00:00:00Z,2024-01-01T00:00:00Z
Kubota,U35S,Kubota U35S,Mini Excavator,2024-01-01T00:00:00Z,2024-01-01T00:00:00Z
Kubota,U45,Kubota U45,Mini Excavator,2024-01-01T00:00:00Z,2024-01-01T00:00:00Z
Kubota,U45-3,Kubota U45-3,Mini Excavator,2024-01-01T00:00:00Z,2024-01-01T00:00:00Z
Kubota,U55,Kubota U55,Mini Excavator,2024-01-01T00:00:00Z,2024-01-01T00:00:00Z
Kubota,U55-4,Kubota U55-4,Mini Excavator,2024-01-01T00:00:00Z,2024-01-01T00:00:00Z
New Holland,EC15,New Holland EC15,Mini Excavator,2024-01-01T00:00:00Z,2024-01-01T00:00:00Z
New Holland,EC35,New Holland EC35,Mini Excavator,2024-01-01T00:00:00Z,2024-01-01T00:00:00Z
SANY,SY35U,SANY SY35U,Mini Excavator,2024-01-01T00:00:00Z,2024-01-01T00:00:00Z
SANY,SY50,SANY SY50,Mini Excavator,2024-01-01T00:00:00Z,2024-01-01T00:00:00Z
SANY,SY60C,SANY SY60C,Mini Excavator,2024-01-01T00:00:00Z,2024-01-01T00:00:00Z
SANY,SY75C,SANY SY75C,Mini Excavator,2024-01-01T00:00:00Z,2024-01-01T00:00:00Z
SANY,SY80U,SANY SY80U,Mini Excavator,2024-01-01T00:00:00Z,2024-01-01T00:00:00Z
Takeuchi,TB008,Takeuchi TB008,Mini Excavator,2024-01-01T00:00:00Z,2024-01-01T00:00:00Z
Takeuchi,TB015,Takeuchi TB015,Mini Excavator,2024-01-01T00:00:00Z,2024-01-01T00:00:00Z
Takeuchi,TB016,Takeuchi TB016,Mini Excavator,2024-01-01T00:00:00Z,2024-01-01T00:00:00Z
Takeuchi,TB025,Takeuchi TB025,Mini Excavator,2024-01-01T00:00:00Z,2024-01-01T00:00:00Z
Takeuchi,TB035,Takeuchi TB035,Mini Excavator,2024-01-01T00:00:00Z,2024-01-01T00:00:00Z
Takeuchi,TB080,Takeuchi TB080,Mini Excavator,2024-01-01T00:00:00Z,2024-01-01T00:00:00Z
Takeuchi,TB125,Takeuchi TB125,Mini Excavator,2024-01-01T00:00:00Z,2024-01-01T00:00:00Z
Takeuchi,TB135,Takeuchi TB135,Mini Excavator,2024-01-01T00:00:00Z,2024-01-01T00:00:00Z
Takeuchi,TB138FR,Takeuchi TB138FR,Mini Excavator,2024-01-01T00:00:00Z,2024-01-01T00:00:00Z
Takeuchi,TB145,Takeuchi TB145,Mini Excavator,2024-01-01T00:00:00Z,2024-01-01T00:00:00Z
Takeuchi,TB153FR,Takeuchi TB153FR,Mini Excavator,2024-01-01T00:00:00Z,2024-01-01T00:00:00Z
Takeuchi,TB175,Takeuchi TB175,Mini Excavator,2024-01-01T00:00:00Z,2024-01-01T00:00:00Z
Takeuchi,TB180FR,Takeuchi TB180FR,Mini Excavator,2024-01-01T00:00:00Z,2024-01-01T00:00:00Z
Takeuchi,TB230,Takeuchi TB230,Mini Excavator,2024-01-01T00:00:00Z,2024-01-01T00:00:00Z
Takeuchi,TB235,Takeuchi TB235,Mini Excavator,2024-01-01T00:00:00Z,2024-01-01T00:00:00Z
Takeuchi,TB240,Takeuchi TB240,Mini Excavator,2024-01-01T00:00:00Z,2024-01-01T00:00:00Z
Takeuchi,TB250A,Takeuchi TB250A,Mini Excavator,2024-01-01T00:00:00Z,2024-01-01T00:00:00Z
Takeuchi,TB260,Takeuchi TB260,Mini Excavator,2024-01-01T00:00:00Z,2024-01-01T00:00:00Z
Takeuchi,TB280FR,Takeuchi TB280FR,Mini Excavator,2024-01-01T00:00:00Z,2024-01-01T00:00:00Z
Takeuchi,TB285,Takeuchi TB285,Mini Excavator,2024-01-01T00:00:00Z,2024-01-01T00:00:00Z
Takeuchi,TB370,Takeuchi TB370,Mini Excavator,2024-01-01T00:00:00Z,2024-01-01T00:00:00Z
Takeuchi,TB53FR,Takeuchi TB53FR,Mini Excavator,2024-01-01T00:00:00Z,2024-01-01T00:00:00Z
Volvo,EC15B,Volvo EC15B,Mini Excavator,2024-01-01T00:00:00Z,2024-01-01T00:00:00Z
Volvo,EC20,Volvo EC20,Mini Excavator,2024-01-01T00:00:00Z,2024-01-01T00:00:00Z
Volvo,EC25,Volvo EC25,Mini Excavator,2024-01-01T00:00:00Z,2024-01-01T00:00:00Z
Volvo,EC35,Volvo EC35,Mini Excavator,2024-01-01T00:00:00Z,2024-01-01T00:00:00Z
Volvo,EC45,Volvo EC45,Mini Excavator,2024-01-01T00:00:00Z,2024-01-01T00:00:00Z
Volvo,EC55,Volvo EC55,Mini Excavator,2024-01-01T00:00:00Z,2024-01-01T00:00:00Z
Volvo,EC55B,Volvo EC55B,Mini Excavator,2024-01-01T00:00:00Z,2024-01-01T00:00:00Z
Volvo,EC55C,Volvo EC55C,Mini Excavator,2024-01-01T00:00:00Z,2024-01-01T00:00:00Z
Volvo,ECR25D,Volvo ECR25D,Mini Excavator,2024-01-01T00:00:00Z,2024-01-01T00:00:00Z
Volvo,ECR38,Volvo ECR38,Mini Excavator,2024-01-01T00:00:00Z,2024-01-01T00:00:00Z
Volvo,ECR40D,Volvo ECR40D,Mini Excavator,2024-01-01T00:00:00Z,2024-01-01T00:00:00Z
Volvo,ECR48C,Volvo ECR48C,Mini Excavator,2024-01-01T00:00:00Z,2024-01-01T00:00:00Z
Volvo,ECR58,Volvo ECR58,Mini Excavator,2024-01-01T00:00:00Z,2024-01-01T00:00:00Z
Volvo,ECR88,Volvo ECR88,Mini Excavator,2024-01-01T00:00:00Z,2024-01-01T00:00:00Z
Wacker Neuson,28Z3,Wacker Neuson 28Z3,Mini Excavator,2024-01-01T00:00:00Z,2024-01-01T00:00:00Z
Wacker Neuson,3503,Wacker Neuson 3503,Mini Excavator,2024-01-01T00:00:00Z,2024-01-01T00:00:00Z
Wacker Neuson,38Z3,Wacker Neuson 38Z3,Mini Excavator,2024-01-01T00:00:00Z,2024-01-01T00:00:00Z
