Brand,Model Name
Bobcat,864
Bobcat,MT100
Bobcat,MT52
Bobcat,MT55
Bobcat,MT85
Bobcat,T110
Bobcat,T140
Bobcat,T180
Bobcat,T190
Bobcat,T200
Bobcat,T250
Bobcat,T300
Bobcat,T320
Bobcat,T450
Bobcat,T550
Bobcat,T590
Bobcat,T595
Bobcat,T62
Bobcat,T630
Bobcat,T64
Bobcat,T650
Bobcat,T66
Bobcat,T740
Bobcat,T750
Bobcat,T76
Bobcat,T770
Bobcat,T86
Bobcat,T870
Case,420CT
Case,440CT
Case,445CT
Case,450CT
Case,TL1000
Case,TR270
Case,TR270B
Case,TR310
Case,TR310B
Case,TR320
Case,TR340
Case,TR340B
Case,TV370
Case,TV370B
Case,TV380
Case,TV450
Case,TV450B
Case,TV620B
Caterpillar,239D
Caterpillar,239D3
Caterpillar,247
Caterpillar,247B
Caterpillar,247B2
Caterpillar,247B3
Caterpillar,249B
Caterpillar,249D
Caterpillar,249D3
Caterpillar,255
Caterpillar,257
Caterpillar,257B
Caterpillar,257B2
Caterpillar,257B3
Caterpillar,257D
Caterpillar,259B
Caterpillar,259B3
Caterpillar,259D
Caterpillar,259D3
Caterpillar,265
Caterpillar,267
Caterpillar,267B
Caterpillar,267B2
Caterpillar,277
Caterpillar,277B
Caterpillar,277C
Caterpillar,277D
Caterpillar,277E
Caterpillar,279C
Caterpillar,279D
Caterpillar,279D2
Caterpillar,287
Caterpillar,287B
Caterpillar,287C
Caterpillar,287D
Caterpillar,289C
Caterpillar,289C2
Caterpillar,289D
Caterpillar,289D2
Caterpillar,289D3
Caterpillar,297C
Caterpillar,297D
Caterpillar,297D2
Caterpillar,299C
Caterpillar,299D
Caterpillar,299D2
Caterpillar,299D2XHP
Caterpillar,299D3
Caterpillar,299D3XE
GEHL,RT105
GEHL,RT125
GEHL,RT165
GEHL,RT175
GEHL,RT210
GEHL,RT250
GEHL,RT255
GEHL,RT257
GEHL,RT260
GEHL,RT265
GEHL,RT270
GEHL,V180
GEHL,V270
GEHL,V330
John Deere,315D
John Deere,317
John Deere,317G
John Deere,319D
John Deere,319E
John Deere,323D
John Deere,323E
John Deere,325G
John Deere,329D
John Deere,329E
John Deere,331D
John Deere,331E
John Deere,331G
John Deere,333D
John Deere,333E
John Deere,333G
John Deere,CT322
John Deere,CT332
Kubota,SCL1000
Kubota,SCL1000R
Kubota,SVL65
Kubota,SVL65-2
Kubota,SVL75
Kubota,SVL75-2
Kubota,SVL75-2C
Kubota,SVL75-3
Kubota,SVL90
Kubota,SVL90-2
Kubota,SVL95
Kubota,SVL95-2
Kubota,SVL95-2S
Kubota,SVL95-3
Kubota,SVL97
Kubota,SVL97-2
Kubota,SVL97-2C
Kubota,SVL97-3
New Holland,C175
New Holland,C185
New Holland,C190
New Holland,C227
New Holland,C232
New Holland,C238
New Holland,C245
New Holland,C262
New Holland,C280
New Holland,C296
New Holland,C314
New Holland,C334
New Holland,C337
New Holland,C354
Takeuchi,TL10
Takeuchi,TL10V2
Takeuchi,TL12
Takeuchi,TL12R2
Takeuchi,TL12V2
Takeuchi,TL6
Takeuchi,TL6R
Takeuchi,TL8
Takeuchi,TL8R2
Volvo,MCT110C
Volvo,MCT125C
Volvo,MCT135C
Volvo,MCT145C
Volvo,MCT85C
Wacker Neuson,1501S
Wacker Neuson,1701S
Wacker Neuson,1801S
Wacker Neuson,2001S
Wacker Neuson,2503
Wacker Neuson,2703
Wacker Neuson,4503
Wacker Neuson,5503
Wacker Neuson,901S
Wacker Neuson,ST20
Wacker Neuson,ST25
Wacker Neuson,ST28
Wacker Neuson,ST31
Wacker Neuson,ST35
