ID,Size,Price,Width Variant,Inventory Count,Is In Stock,Description
68fd94219c5aa599a844be7e,300x55x82,,,,,
68fd94219c5aa599a844be5d,300x52.5x84,,,,,
68fd94219c5aa599a844be39,180x72x37,,,,,
68fd94219c5aa599a844be3a,180x72x42,,,,,
68fd94219c5aa599a844be64,700x100x98,,,,,
68fd94219c5aa599a844be65,750x150x66,,,,,
68fd94219c5aa599a844be97,18x4x220,,,,,
68fd94219c5aa599a844be98,457x101.6x5588,,,,,
68fd94219c5aa599a844be99,15x4x166,,,,,
68fd94219c5aa599a844be9a,381x101.6x4216,,,,,
68fd94219c5aa599a844be9b,18x4x201,,,,,
68fd94219c5aa599a844be9c,457x101.6x5105,,,,,
68fd94219c5aa599a844be9d,18x4x200,,,,,
68fd94219c5aa599a844be9e,457x101.6x5080,,,,,
68fd94219c5aa599a844be4d,230x96x32,,,,,
68fd94219c5aa599a844be4e,230x48x64,,,,,
68fd94219c5aa599a844bea5,230x96x34,,,,,
68fd94219c5aa599a844bea6,230x48x68,,,,,
68fd94219c5aa599a844be7f,180x60x38,,,,,
68fd94219c5aa599a844be42,180x60x37,,,,,
68fd94219c5aa599a844be80,180x60x30,,,,,
68fd94219c5aa599a844be81,180x60x34,,,,,
68fd94219c5aa599a844be1f,230x72x43,,,,,
68fd94219c5aa599a844be45,200x72x42,,,,,
68fd94219c5aa599a844be82,230x72x50,,,,,
68fd94219c5aa599a844be3b,230x72x42,,,,,
68fd94219c5aa599a844be83,230x72x56,,,,,
68fd94219c5aa599a844be4b,230x96x33,,,,,
68fd94219c5aa599a844be4c,230x48x66,,,,,
68fd94219c5aa599a844be85,230x96x35,,,,,
68fd94219c5aa599a844be86,230x48x70,,,,,
68fd94219c5aa599a844be20,180x72x40,,,,,
68fd94219c5aa599a844be29,230x96x31,,,,,
68fd94219c5aa599a844be2a,230x48x62,,,,,
68fd94219c5aa599a844be84,230x48x63,,,,,
68fd94219c5aa599a844be87,250x52.5x73,,,,,
68fd94219c5aa599a844be2c,300x52.5x72,,Narrow,,,
68fd94219c5aa599a844be88,250x107x38,,,,,
68fd94219c5aa599a844be5b,300x52.5x76,,,,,
68fd94219c5aa599a844be89,250x96x41,,,,,
68fd94219c5aa599a844bee5,250x47x84,,,,,
68fd94219c5aa599a844bee4,250x48x82,,,,,
68fd94219c5aa599a844beaa,250x52.5x76,,,,,
68fd94219c5aa599a844be5b,300x52.5x76,,Narrow,,,
68fd94219c5aa599a844bee3,300x55x74,,Narrow,,,
68fd94219c5aa599a844be59,300x52.5x80,,Narrow,,,
68fd94219c5aa599a844be2e,300x52.5x78,,Narrow,,,
68fd94219c5aa599a844bf04,300x55x80,,Narrow,,,
68fd94219c5aa599a844be30,300x52.5x82,,Narrow,,,
68fd94219c5aa599a844be8d,300x52.5x86,,Narrow,,,
68fd94219c5aa599a844be33,400x72.5x72,,,,,
68fd94219c5aa599a844be5e,400x73x72,,,,,
68fd94219c5aa599a844be8a,400x142x37,,,,,
68fd94219c5aa599a844be3e,400x73x74,,,,,
68fd94219c5aa599a844be3f,400x72.5x74,,,,,
68fd94219c5aa599a844be48,180x72x36,,,,,
68fd94219c5aa599a844be8b,20x96x33,,,,,
68fd94219c5aa599a844be2f,300x109x40,,,,,
68fd94219c5aa599a844be30,300x52.5x82,,,,,
68fd94219c5aa599a844be8c,300x109x42,,,,,
68fd94219c5aa599a844be8d,300x52.5x86,,,,,
68fd94219c5aa599a844be8e,400x146x36,,,,,
68fd94219c5aa599a844be63,250x72x57,,,,,
68fd94219c5aa599a844be8f,250x72x64,,,,,
68fd94219c5aa599a844be61,200x72x47,,,,,
68fd94219c5aa599a844be37,200x72x34,,,,,
68fd94219c5aa599a844be91,230x96x39,,,,,
68fd94219c5aa599a844be92,250x48x78,,,,,
,320x52.5x88,,Narrow,,,
68fd94219c5aa599a844be70,300x52.5x88,,Narrow,,,
68fd94219c5aa599a844be90,300x54x82,,,,,
68fd94219c5aa599a844be5d,300x52.5x84,,Narrow,,,
68fd94219c5aa599a844be93,400x72.5x76,,,,,
68fd94219c5aa599a844be94,450x76x82,,,,,
68fd94219c5aa599a844be95,230x78x42,,,,,
68fd94219c5aa599a844bf0a,300x55x76,,Narrow,,,
68fd94219c5aa599a844be26,250x72x52,,,,,
68fd94219c5aa599a844be96,250x72x56,,,,,
68fd94219c5aa599a844bec2,300x52.5x92,,Narrow,,,
68fd94219c5aa599a844be9f,200x72x38,,,,,
68fd94219c5aa599a844be58,180x72x38,,,,,
68fd94219c5aa599a844bea0,200x72x39,,,,,
68fd94219c5aa599a844bea1,200x72x41,,,,,
68fd94219c5aa599a844be5f,300x109x39,,,,,
68fd94219c5aa599a844be59,300x52.5x80,,,,,
68fd94219c5aa599a844be73,450x71x86,,,,,
68fd94219c5aa599a844be51,300x55x72,,,,,
68fd94219c5aa599a844be5a,300x52.5x74,,Narrow,,,
68fd94219c5aa599a844bea2,320x100x41,,,,,
68fd94219c5aa599a844be38,180x72x34,,,,,
68fd94219c5aa599a844bea3,300x109x36,,,,,
68fd94219c5aa599a844be5c,300x109x41,,,,,
68fd94219c5aa599a844bea4,400x142x38,,,,,
68fd94219c5aa599a844be57,250x72x48,,,,,
68fd94219c5aa599a844be4a,230x72x45,,,,,
68fd94219c5aa599a844be1e,250x72x45,,,,,
68fd94219c5aa599a844be55,190x72x37,,,,,
68fd94219c5aa599a844bea7,108x72x37,,,,,
68fd94219c5aa599a844bea8,180x60x28,,,,,
68fd94219c5aa599a844be44,200x72x37,,,,,
68fd94219c5aa599a844bea9,170x60x34,,,,,
68fd94219c5aa599a844be41,180x60x35,,,,,
,300x54x74,,Narrow,,,
68fd94219c5aa599a844beaa,250x52.5x76,,Narrow,,,
68fd94219c5aa599a844be49,200x72x36,,,,,
68fd94219c5aa599a844beab,250x107.5x37,,,,,
68fd94219c5aa599a844bf21,230x72x37,,,,,
68fd94219c5aa599a844be5a,300x52.5x74,,,,,
68fd94219c5aa599a844beac,320x52.5x74,,,,,
68fd94219c5aa599a844bead,320x52.5x80,,,,,
68fd94219c5aa599a844bead,320x52.5x80,,Narrow,,,
68fd94219c5aa599a844beae,320x55x88,,,,,
68fd94219c5aa599a844beaf,180x72x39,,,,,
68fd94219c5aa599a844beb0,500x92x78,,,,,
68fd94219c5aa599a844be24,450x86x56,,,,,
68fd94219c5aa599a844be6c,320x86x52,,,,,
68fd94219c5aa599a844beb1,450x86x52,,,,,
68fd94219c5aa599a844beb2,450x84x53,,,,,
68fd94219c5aa599a844beb3,450x86x60,,,,,
68fd94219c5aa599a844be75,230x48x72,,,,,
68fd94219c5aa599a844beb4,300x55x81,,,,,
68fd94219c5aa599a844beb5,350x55x88,,,,,
68fd94219c5aa599a844beb6,450x81x76,,,,,
68fd94219c5aa599a844beb7,180x72x45,,,,,
68fd94219c5aa599a844be6b,320x86x50,,,,,
68fd94219c5aa599a844bebd,400x86x50,,,,,
,375x86x50,,,,,
68fd94219c5aa599a844bf35,400x86x52,,,,,
68fd94219c5aa599a844bf70,375x86x52,,,,,
68fd94219c5aa599a844beb8,250x75x52,,,,,
68fd94219c5aa599a844be27,300x84x46,,,,,
68fd94219c5aa599a844beb9,320x86x45,,,,,
68fd94219c5aa599a844be21,320x86x49,,,,,
68fd94219c5aa599a844beba,400x86x49,,,,,
68fe7532258cf8e23fb2ed8f,13x4x56,,,,,
68fe7532258cf8e23fb2ed80,18x4x56,,,,,
68fd94219c5aa599a844bebb,450x86x55,,,,,
68fd94219c5aa599a844bebc,400x86x55,,,,,
68fe7532258cf8e23fb2ed8b,18x4x51,,,,,
68fd94219c5aa599a844bebe,320x86x53,,,,,
68fd94219c5aa599a844bebf,450x86x53,,,,,
68fd94219c5aa599a844bedf,400x86x53,,,,,
68fd94219c5aa599a844be25,450x86x58,,,,,
68fd94219c5aa599a844bec0,450x84x59,,,,,
68fd94219c5aa599a844be34,250x72x47,,,,,
,300x55x71,,Narrow,,,
68fd94219c5aa599a844be7a,320x54x78,,,,,
68fd94219c5aa599a844be79,320x54x72,,,,,
68fd94219c5aa599a844bec1,300x54x78,,,,,
68fd94219c5aa599a844bec2,300x52.5x92,,,,,
68fd94219c5aa599a844bec3,230x72x39,,,,,
68fd94219c5aa599a844be2e,300x52.5x78,,,,,
68fd94219c5aa599a844be43,300x55x78,,,,,
,300x25.5x80,,Narrow,,,
68fd94219c5aa599a844bec4,130x72x29,,,,,
68fd94219c5aa599a844be2b,250x109x35,,,,,
68fd94219c5aa599a844be2c,300x52.5x72,,,,,
68fd94219c5aa599a844be2d,300x109x38,,,,,
68fd94219c5aa599a844be31,350x108x42,,,,,
68fd94219c5aa599a844be32,350x52.5x86,,,,,
68fd94219c5aa599a844be22,320x86x54,,,,,
68fd94219c5aa599a844beca,375x86x54,,,,,
68fd94219c5aa599a844be23,400x86x54,,,,,
68fd94219c5aa599a844be33,400x72.5x72,,Narrow,,,
68fd94219c5aa599a844becb,400x135x39,,,,,
68fd94219c5aa599a844becc,400x725.5x74,,,,,
68fd94219c5aa599a844becd,450x73.5x80,,,,,
,450x135x42,,,,,
68fd94219c5aa599a844bee8,450x71x82,,,,,
68fd94219c5aa599a844bece,200x96x30,,,,,
68fd94219c5aa599a844becf,230x48x60,,,,,
68fd94219c5aa599a844bed0,260x109x35,,,,,
68fd94219c5aa599a844bed1,300x109x35,,,,,
68fd94219c5aa599a844bed2,350x56x84,,,,,
68fd94219c5aa599a844bed3,350x52.5x88,,,,,
68fd94219c5aa599a844bed4,250x52.5x78,,,,,
68fd94219c5aa599a844bed5,250x52.5x80,,,,,
68fd94219c5aa599a844be70,300x52.5x88,,,,,
,300x52x588,,,,,
68fd94219c5aa599a844bed7,400x74x68,,,,,
68fd94219c5aa599a844bf34,400x72.5x70,,Narrow,,,
68fd94219c5aa599a844bed8,400x74x72,,,,,
,400x72.5x73,,Narrow,,,
68fd94219c5aa599a844bed9,400x73x76,,,,,
68fd94219c5aa599a844beb6,450x81x76,,Narrow,,,
68fd94219c5aa599a844beda,450x81.5x76,,,,,
68fd94219c5aa599a844bedb,230x96x30,,,,,
68fd94219c5aa599a844bedc,250x72x39,,,,,
68fd94219c5aa599a844bede,320x86x56,,,,,
,375x86x56,,,,,
69236a1cdad3779b7fe481fc,381x100x42,,,,,
69236a1cdad3779b7fe481fe,457x100.6x56,,,,,
68fe7532258cf8e23fb2ed95,15x4x56,,,,,
68fd94219c5aa599a844bee0,40x86x60,,,,,
68fd94219c5aa599a844be6d,450x86x63,,,,,
69236a1cdad3779b7fe481fd,457x100.6x51,,,,,
68fd94219c5aa599a844bee2,400x86x56,,,,,
69236a1cdad3779b7fe481ff,457x100x51,,,,,
68fd94219c5aa599a844bee1,400x86x60,,,,,
68fd94219c5aa599a844be74,230x96x36,,,,,
68fd94219c5aa599a844be76,250x96x38,,,,,
68fd94219c5aa599a844be77,250x48x76,,,,,
68fd94219c5aa599a844bee3,300x55x74,,,,,
68fd94219c5aa599a844bee6,300x52.5x90,,,,,
68fd94219c5aa599a844bee7,350x52.5x90,,,,,
68fd94219c5aa599a844be40,450x71x84,,,,,
68fd94219c5aa599a844bee9,450x81x78,,,,,
68fd94219c5aa599a844bee9,450x81x78,,Narrow,,,
68fd94219c5aa599a844beea,400x146x35,,,,,
68fd94219c5aa599a844beeb,260x52.5x74,,,,,
68fd94219c5aa599a844be5d,300x52.5x84,,Wide,,,
68fd94219c5aa599a844beec,400x73x70,,,,,
68fd94219c5aa599a844bec5,320x100x52,,,,,
68fd94219c5aa599a844bec6,200x72x40,,,,,
68fd94219c5aa599a844bef3,180x72x43,,,,,
68fd94219c5aa599a844bef4,250x72x42,,,,,
68fd94219c5aa599a844bef5,250x72x2,,,,,
68fd94219c5aa599a844bec7,230x72x47,,,,,
68fd94219c5aa599a844bec8,320x86x48,,,,,
68fd94219c5aa599a844bec9,230x96x42,,,,,
68fd94219c5aa599a844bedd,180x72x32,,,,,
68fd94219c5aa599a844beed,320x100x43,,,,,
68fd94219c5aa599a844be56,280x72x48,,,,,
68fd94219c5aa599a844beee,180x72x31,,,,,
68fd94219c5aa599a844beef,230x72x48,,,,,
,250x72x43,,,,,
68fd94219c5aa599a844bef0,200x72x43,,,,,
68fd94219c5aa599a844bef1,250x72x44,,,,,
68fd94219c5aa599a844bef2,250x72x55,,,,,
68fd94219c5aa599a844bef6,300x55x77,,,,,
68fd94219c5aa599a844bef7,190x72x39,,,,,
68fd94219c5aa599a844bef8,320x52.5x82,,,,,
68fd94219c5aa599a844bef9,170x60x37,,,,,
68fd94219c5aa599a844befa,230x72x54,,,,,
68fd94219c5aa599a844befb,300x52.52x84,,,,,
68fd94219c5aa599a844befc,450x81x74,,,,,
68fd94219c5aa599a844befd,300x109x44,,,,,
,300x52.5x98,,Narrow,,,
,320x52.5x92,,Narrow,,,
,320x52.5x98,,Narrow,,,
68fd94219c5aa599a844be62,400x72.5x82,,,,,
68fd94219c5aa599a844befe,2303x72x56,,,,,
68fd94219c5aa599a844beff,230x72x40,,,,,
68fd94219c5aa599a844bf00,180x723x37,,,,,
68fd94219c5aa599a844bf01,320x109x39,,,,,
68fd94219c5aa599a844bf02,320x100x44,,,,,
68fd94219c5aa599a844bf03,280x52.5x82,,,,,
,280x52x582,,Narrow,,,
,300x55x71,,,,,
68fd94219c5aa599a844be3d,450x76x84,,,,,
68fd94219c5aa599a844bf04,300x55x80,,,,,
68fd94219c5aa599a844be78,250x109x37,,,,,
68fd94219c5aa599a844bf07,450x76x80,,,,,
68fd94219c5aa599a844bf08,300x54x72,,,,,
68fd94219c5aa599a844be6f,300x55x84,,,,,
68fd94219c5aa599a844be72,400x75.5x74,,,,,
68fd94219c5aa599a844bf09,450x83.5x74,,,,,
68fd94219c5aa599a844bf05,300x109x37,,,,,
68fd94219c5aa599a844bf0a,300x55x76,,,,,
68fd94219c5aa599a844bf0b,450x86x42,,,,,
68fd94219c5aa599a844bf0c,400x86x42,,,,,
68fd94219c5aa599a844bf0d,180x72x57,,,,,
,300x52x574,,Narrow,,,
68fd94219c5aa599a844bf0e,320x109x36,,,,,
68fd94219c5aa599a844bf0f,230x96x41,,,,,
68fd94219c5aa599a844bf10,320x100x40,,,,,
68fd94219c5aa599a844bf11,200x96x28,,,,,
68fd94219c5aa599a844bf12,230x96x66,,,,,
68fd94219c5aa599a844bf15,230x96x40,,,,,
68fd94219c5aa599a844be50,250x48x80,,,,,
68fd94219c5aa599a844bf13,230x96x38,,,,,
68fd94219c5aa599a844be47,180x72x35,,,,,
68fd94219c5aa599a844bf14,500x92x72,,,,,
68fd94219c5aa599a844be69,485x92x72,,,,,
68fd94219c5aa599a844bf17,350x109x42,,,,,
68fd94219c5aa599a844bf16,250x96x39,,,,,
68fd94219c5aa599a844bf18,200x96x33,,,,,
68fd94219c5aa599a844bf19,200x96x31,,,,,
68fd94219c5aa599a844bf1a,200x96x35,,,,,
68fd94219c5aa599a844bf1b,500x92x84,,,,,
68fd94219c5aa599a844bf1c,250x52.5x77,,,,,
68fd94219c5aa599a844bf1c,250x52.5x77,,Narrow,,,
68fd94219c5aa599a844bf1d,300x52.5x77,,,,,
68fd94219c5aa599a844bf1e,400x725x72,,,,,
68fd94219c5aa599a844bf06,400x142x39,,,,,
68fd94219c5aa599a844bf1f,450x163x38,,,,,
68fd94219c5aa599a844bf20,400x72.5x78,,,,,
68fd94219c5aa599a844bf5b,320x100x38,,,,,
68fd94219c5aa599a844be46,180x72x41,,,,,
68fd94219c5aa599a844be3f,400x72.5x74,,Narrow,,,
68fd94219c5aa599a844bf22,300x72x45,,,,,
68fd94219c5aa599a844bf23,200x72x35,,,,,
68fd94219c5aa599a844bed4,250x52.5x78,,Narrow,,,
68fd94219c5aa599a844be4f,250x96x40,,,,,
68fd94219c5aa599a844bf25,300x55x88,,,,,
68fd94219c5aa599a844bf26,350x52.5x84,,,,,
68fd94219c5aa599a844bf27,400x73x82,,,,,
68fd94219c5aa599a844bf28,200x72x44,,,,,
68fd94219c5aa599a844bf29,180x72x44,,,,,
68fd94219c5aa599a844bf2a,450x71x182,,,,,
68fd94219c5aa599a844bf2b,450x145x40,,,,,
68fd94219c5aa599a844bf2c,450x73x80,,,,,
68fd94219c5aa599a844be53,230x72x52,,,,,
68fd94219c5aa599a844bf2d,350x109x44,,,,,
68fd94219c5aa599a844bf2e,450x81.5x78,,,,,
68fd94219c5aa599a844bf2f,350x73x74,,,,,
68fd94219c5aa599a844bf30,250x109x36,,,,,
68fd94219c5aa599a844bf31,250x109x41,,,,,
68fd94219c5aa599a844bf32,300x109x43,,,,,
68fd94219c5aa599a844bf33,350x108x41,,,,,
68fd94219c5aa599a844bf34,400x72.5x70,,,,,
68fd94219c5aa599a844bf36,400x132x37,,,,,
68fd94219c5aa599a844bf37,450x81.5x74,,,,,
68fd94219c5aa599a844beda,450x81.5x76,,Narrow,,,
68fd94219c5aa599a844bf38,150x60x40,,,,,
68fd94219c5aa599a844bf3a,350x108x44,,,,,
68fd94219c5aa599a844bf39,350x109x41,,,,,
68fd94219c5aa599a844bf3b,250x48x72,,,,,
68fd94219c5aa599a844be6a,230x72x46,,,,,
68fd94219c5aa599a844be6e,250x55.5x79,,,,,
68fd94219c5aa599a844bed5,250x52.5x80,,Narrow,,,
68fd94219c5aa599a844bf3c,260x97x40,,,,,
68fd94219c5aa599a844bf3d,250x48.5x80,,,,,
68fd94219c5aa599a844bf41,260x52.5x76,,,,,
68fd94219c5aa599a844bf42,260x109x37,,,,,
68fd94219c5aa599a844be43,300x55x78,,Narrow,,,
68fd94219c5aa599a844bef6,300x55x77,,Narrow,,,
68fd94219c5aa599a844bf3e,260x109x39,,,,,
,260x100x42,,,,,
68fd94219c5aa599a844bf3f,320x100x45,,,,,
68fd94219c5aa599a844bf43,300x55.5x82,,,,,
68fd94219c5aa599a844beb4,300x55x81,,Narrow,,,
68fd94219c5aa599a844bf44,40x73x72,,,,,
68fd94219c5aa599a844be71,350x75.5x74,,,,,
68fd94219c5aa599a844bf45,400x135x38,,,,,
68fd94219c5aa599a844bf40,260x52.5x78,,,,,
68fd94219c5aa599a844bf46,300x53x80,,,,,
68fd94219c5aa599a844bf47,300x53x84,,,,,
68fd94219c5aa599a844bf48,280x72x52,,,,,
68fd94219c5aa599a844bf49,250x72x46,,,,,
68fd94219c5aa599a844bf4a,450x71x78,,,,,
68fd94219c5aa599a844bf4b,450x81x72,,,,,
68fd94219c5aa599a844bf4c,420x100x52,,,,,
68fd94219c5aa599a844bf4d,420x100x54,,,,,
68fd94219c5aa599a844bf4e,300x1009x39,,,,,
68fd94219c5aa599a844bf4f,250x19x37,,,,,
68fd94219c5aa599a844bf50,350x54.5x86,,,,,
,380x86x52,,,,,
68fd94219c5aa599a844bf51,23x48x70,,,,,
68fd94219c5aa599a844bf52,400x75.2x72,,,,,
68fd94219c5aa599a844be28,300x86x45,,,,,
68fd94219c5aa599a844be35,230x72x44,,,,,
68fd94219c5aa599a844be36,280x72x47,,,,,
68fd94219c5aa599a844be3c,300x100x43,,,,,
68fd94219c5aa599a844be52,300x54x80,,,,,
68fd94219c5aa599a844be54,180x73x37,,,,,
68fd94219c5aa599a844be60,400x142x36,,,,,
68fd94219c5aa599a844be66,500x90x78,,,,,
68fd94219c5aa599a844be67,500x100x65,,,,,
68fd94219c5aa599a844be68,200x72x45,,,,,
,450x86x54,,,,,
68fd94219c5aa599a844be7b,450x100x48,,,,,
68fd94219c5aa599a844be7c,450x100x50,,,,,
68fd94219c5aa599a844be7d,320x86x46,,,,,
68fd94219c5aa599a844bf54,250x52.5x72,,,,,
68fd94219c5aa599a844bf55,400x72x74,,,,,
68fd94219c5aa599a844bf56,190x72x38,,,,,
68fd94219c5aa599a844bf57,190x72x40,,,,,
68fd94219c5aa599a844bf58,190x72x43,,,,,
68fd94219c5aa599a844bf59,190x72x45,,,,,
68fd94219c5aa599a844bf5a,400x146x37,,,,,
,250x72x54,,,,,
68fd94219c5aa599a844bf62,250x72x41,,,,,
68fd94219c5aa599a844bf63,400x72.5x68,,,,,
68fd94219c5aa599a844bf64,230x72x59,,,,,
68fd94219c5aa599a844bf65,180x72x47,,,,,
68fd94219c5aa599a844bf66,400x73x68,,,,,
68fd94219c5aa599a844bf67,200x72x53,,,,,
68fd94219c5aa599a844bf69,190x72x34,,,,,
68fd94219c5aa599a844bf6a,300x101.6x40,,,,,
68fd94219c5aa599a844bf6b,240x72x48,,,,,
68fd94219c5aa599a844bf6c,450x84x57,,,,,
68fd94219c5aa599a844bf6d,260x52.5x72,,,,,
,300x55x75,,Wide,,,
68fd94219c5aa599a844be30,300x52.5x82,,Wide,,,
68fd94219c5aa599a844beb6,450x81x76,,Wide,,,
68fd94219c5aa599a844bf6e,500x92x88,,,,,
68fd94219c5aa599a844bf6f,450x8x60,,,,,
68fd94219c5aa599a844bf71,300x55x79,,,,,
68fd94219c5aa599a844be51,300x55x72,,Narrow,,,
68fd94219c5aa599a844bf72,180x68x28,,,,,
68fd94219c5aa599a844bf73,230x72x41,,,,,
68fd94219c5aa599a844bf74,250x109x38,,,,,
,300x101.6x39,,,,,
,300x101.6x43,,,,,
68fd94219c5aa599a844bf75,260x96x38,,,,,
68fd94219c5aa599a844bf76,300x55.5x76,,,,,
68fd94219c5aa599a844bf77,260x55.5x78,,,,,
,300x55.5x78,,,,,
68fd94219c5aa599a844bf78,320x106x39,,,,,
68fd94219c5aa599a844bf79,450x110x74,,,,,
68fd94219c5aa599a844bf7a,500x90x82,,,,,
68fd94219c5aa599a844bf7b,160x60x37,,,,,
68fd94219c5aa599a844bf7c,200x72x31,,,,,
68fd94219c5aa599a844bf7d,160x60x34,,,,,
68fd94219c5aa599a844bf5f,160x60x35,,,,,
68fd94219c5aa599a844bf7e,250x48.5x84,,,,,
68fd94219c5aa599a844bf7f,260x97x42,,,,,
68fd94219c5aa599a844bf80,350x73x76,,,,,
68fd94219c5aa599a844bf81,450x84x74,,,,,
68fd94219c5aa599a844bf82,250x72x35,,,,,
68fd94219c5aa599a844bf83,300x55x86,,,,,
68fd94219c5aa599a844bf84,300x55x94,,,,,
