ID,Name,Logo,Description,SEO Title,SEO Description
697586ef20f6373f2302fa91,A.X.I.,,,,
697586ef20f6373f2302fa94,ACM,,,,
697586ef20f6373f2302fa9a,ALLEN,,,,
697586ef20f6373f2302fa9b,ALLtrack,,,,
697586ef20f6373f2302faab,ATN,,,,
697586ef20f6373f2302fa92,Abbati,,,,
697586ef20f6373f2302fa93,Aces,,,,
697586ef20f6373f2302fa95,Active,,,,
697586ef20f6373f2302fa96,Agri,,,,
697586ef20f6373f2302fa97,Aichi,,,,
697586ef20f6373f2302fa99,Airman-Foredil,,,,
697586ef20f6373f2302fa9c,Almac,,,,
697586ef20f6373f2302fa9d,Alpina,,,,
697586ef20f6373f2302fa9e,Amerequip Eagle,,,,
697586ef20f6373f2302fa9f,American Direction Drill,,,,
697586ef20f6373f2302faa1,Andreoli,,,,
697586ef20f6373f2302faa2,Angel,,,,
697586ef20f6373f2302faa3,Antec,,,,
697586ef20f6373f2302faa4,Apageo,,,,
697586ef20f6373f2302faa5,Aros China,,,,
697586ef20f6373f2302faa8,Atex,,,,
697586ef20f6373f2302faa9,Athena,,,,
697586ef20f6373f2302faad,Avant Tecno,,,,
697586ef20f6373f2302faae,Awasi,,,,
697586ef20f6373f2302fac2,BOART LONGYEAR,,,,
697586ef20f6373f2302faaf,Babyack,,,,
697586ef20f6373f2302fab1,Baraladi,,,,
697586ef20f6373f2302fab2,Baratti,,,,
697586ef20f6373f2302fab3,Barreto,,,,
697586ef20f6373f2302fab4,Bastei,,,,
697586ef20f6373f2302fab5,Belle,,,,
697586ef20f6373f2302fab6,Bellon Maria,,,,
697586ef20f6373f2302fab7,Benassi,,,,
697586ef20f6373f2302fab8,Benati,,,,
697586ef20f6373f2302fab9,Benfra,,,,
697586ef20f6373f2302faba,Bentrac,,,,
697586ef20f6373f2302fabb,Beretta,,,,
697586ef20f6373f2302fabc,Bergmann,,,,
697586ef20f6373f2302fabd,Bertani,,,,
697586ef20f6373f2302fabe,Bertolini,,,,
697586ef20f6373f2302fabf,Betram,,,,
697586ef20f6373f2302fac0,Bitelli,,,,
697586ef20f6373f2302fac1,Bluelift,,,,
697586ef20f6373f2302fac4,Bonne Esperance,,,,
697586ef20f6373f2302fac5,Bormor,,,,
697586ef20f6373f2302fac6,Boxer,,,,
697586ef20f6373f2302fac8,C & F,,,,
697586ef20f6373f2302facc,CARAVAGGI,,,,
697586ef20f6373f2302fad3,CEASER,,,,
697586ef20f6373f2302fad4,CELA,,,,
697586ef20f6373f2302fad6,CFC,,,,
697586ef20f6373f2302fad9,CMC,,,,
697586ef20f6373f2302fada,CME,,,,
697586ef20f6373f2302fac9,Cameca,,,,
697586ef20f6373f2302faca,Camisa,,,,
697586ef20f6373f2302facb,Cams Libra,,,,
697586ef20f6373f2302facd,Carlton,,,,
697586ef20f6373f2302face,Carmix,,,,
697586ef20f6373f2302facf,Carrier,,,,
697586ef20f6373f2302fad1,Casorzo,,,,
697586ef20f6373f2302fad5,Celli,,,,
697586ef20f6373f2302fad7,Chieftan,,,,
697586ef20f6373f2302fad8,Chikusui/Canycom,,,,
697586ef20f6373f2302fadb,Collina,,,,
697586ef20f6373f2302fadc,Coltrax,,,,
697586ef20f6373f2302fadd,Comacchio,,,,
697586ef20f6373f2302fade,Comeca,,,,
697586ef20f6373f2302fadf,Comet,,,,
697586ef20f6373f2302fae0,Commander,,,,
697586ef20f6373f2302fae1,Comoter,,,,
697586ef20f6373f2302fae2,Compair Holman,,,,
697586ef20f6373f2302fae3,Conjet,,,,
697586ef20f6373f2302fae4,Cormidi,,,,
697586ef20f6373f2302fae9,DLGZ,,,,
697586ef20f6373f2302fae6,Dimex,,,,
697586ef20f6373f2302fae7,Dino,,,,
697586ef20f6373f2302faea,Dodich,,,,
697586ef20f6373f2302faeb,Domine,,,,
697586ef20f6373f2302faed,Drago,,,,
697586ef20f6373f2302faee,Dumec,,,,
697586ef20f6373f2302faef,Durso,,,,
697586ef20f6373f2302faf3,EFCO,,,,
697586ef20f6373f2302faf5,EMCI,,,,
697586ef20f6373f2302faf1,Eckart,,,,
697586ef20f6373f2302faf2,Ecofore,,,,
697586ef20f6373f2302faf4,Electro Joe,,,,
697586ef20f6373f2302faf6,Energreen,,,,
697586ef20f6373f2302faf7,Enteco,,,,
697586ef20f6373f2302faf8,Erreppi,,,,
697586ef20f6373f2302faf9,EuroCAT,,,,
697586ef20f6373f2302fafe,EuroTrac,,,,
697586ef20f6373f2302fafa,EurocoMach,,,,
697586ef20f6373f2302fafb,Eurodig,,,,
697586ef20f6373f2302fafc,Eurofor,,,,
697586ef20f6373f2302fafd,Eurotom,,,,
697586ef20f6373f2302faff,FAI,,,,
697586ef20f6373f2302fb04,FIGO,,,,
697586ef20f6373f2302fb07,FORT,,,,
697586ef20f6373f2302fb00,Falcon Spider,,,,
697586ef20f6373f2302fb01,Fercad,,,,
697586ef20f6373f2302fb02,Fermec,,,,
697586ef20f6373f2302fb03,Fiat-Hitachi,,,,
697586ef20f6373f2302fb05,Fiori,,,,
697586ef20f6373f2302fb06,Foredil,,,,
697586ef20f6373f2302fb08,Forti,,,,
697586ef20f6373f2302fb09,Fraste,,,,
697586ef20f6373f2302fb0a,Gayk,,,,
697586ef20f6373f2302fb0b,Geawelltech,,,,
697586ef20f6373f2302fb0d,Gehlmax,,,,
697586ef20f6373f2302fb0e,Geier,,,,
697586ef20f6373f2302fb0f,Gelai & Castegnaro,,,,
697586ef20f6373f2302fb11,Geoprobe,,,,
697586ef20f6373f2302fb12,Goman,,,,
697586ef20f6373f2302fb13,Green Mech,,,,
697586ef20f6373f2302fb14,Green Technik,,,,
697586ef20f6373f2302fb15,Grillo,,,,
697586ef20f6373f2302fb16,Grundohit,,,,
697586ef20f6373f2302fb1e,HCC,,,,
697586ef20f6373f2302fb24,HOEFLON,,,,
697586ef20f6373f2302fb17,Hades,,,,
697586ef20f6373f2302fb18,Haihong,,,,
697586ef20f6373f2302fb19,Hainzl,,,,
697586ef20f6373f2302fb1b,Hansa,,,,
697586ef20f6373f2302fb1c,Hanta,,,,
697586ef20f6373f2302fb1f,Hematec,,,,
697586ef20f6373f2302fb20,Hengte,,,,
697586ef20f6373f2302fb21,Hiab,,,,
697586ef20f6373f2302fb25,Hokuetsu,,,,
697586ef20f6373f2302fb26,Holmac,,,,
697586ef20f6373f2302fb27,Holman,,,,
697586ef20f6373f2302fb28,Holmed,,,,
697586ef20f6373f2302fb29,Honda,,,,
697586ef20f6373f2302fb2a,Huki,,,,
697586ef20f6373f2302fb2b,Husqvarna,,,,
697586ef20f6373f2302fb2c,Hutte,,,,
697586ef20f6373f2302fb2d,Hutter,,,,
697586ef20f6373f2302fb2e,Hydra,,,,
697586ef20f6373f2302fb2f,Hydramac,,,,
697586ef20f6373f2302fb30,Hydro Rain,,,,
697586ef20f6373f2302fb32,ICE(Internationalstruction Equipment INC,,,,
697586ef20f6373f2302fb37,INOVA,,,,
697586ef20f6373f2302fb34,Imai,,,,
697586ef20f6373f2302fb35,Imef,,,,
697586ef20f6373f2302fb36,Imer,,,,
697586ef20f6373f2302fb38,Italmec,,,,
697586ef20f6373f2302fb3b,JIEHE,,,,
697586ef20f6373f2302fb3a,Jekko,,,,
697586ef20f6373f2302fb3e,Joly,,,,
697586ef20f6373f2302fb3f,Kaidi,,,,
697586ef20f6373f2302fb40,Kato,,,,
697586ef20f6373f2302fb41,Kato-Imer,,,,
697586ef20f6373f2302fb42,Kawasaki,,,,
697586ef20f6373f2302fb4f,MBU,,,,
697586ef20f6373f2302fb47,Macanizacion Y Mineria Sa,,,,
697586ef20f6373f2302fb48,Macmoter,,,,
697586ef20f6373f2302fb49,Madro,,,,
697586ef20f6373f2302fb4a,Maeda,,,,
697586ef20f6373f2302fb4c,Massey Ferguson,,,,
697586ef20f6373f2302fb4d,Maweco,,,,
697586ef20f6373f2302fb4e,Maxima,,,,
697586ef20f6373f2302fb50,Mc Connel,,,,
697586ef20f6373f2302fb51,Mc Elory,,,,
697586ef20f6373f2302fb52,Mecalac,,,,
697586ef20f6373f2302fb53,Mecanica Benassi,,,,
697586ef20f6373f2302fb54,Mecbo,,,,
697586ef20f6373f2302fb55,Meinl,,,,
697586ef20f6373f2302fb56,Menzi Muck,,,,
697586ef20f6373f2302fb57,Merlo,,,,
697586ef20f6373f2302fb58,Mertz,,,,
697586ef20f6373f2302fb59,Messersi,,,,
697586ef20f6373f2302fb5a,Mini Mustang,,,,
697586ef20f6373f2302fb5b,Minicarrier,,,,
697586ef20f6373f2302fb5c,Minidig,,,,
697586ef20f6373f2302fb5d,Mintrac,,,,
697586ef20f6373f2302fb5e,Mira,,,,
697586ef20f6373f2302fb60,Monitor,,,,
697586ef20f6373f2302fb61,Mopas,,,,
697586ef20f6373f2302fb62,Morath,,,,
697586ef20f6373f2302fb64,Multidrill,,,,
697586ef20f6373f2302fb65,Multitel,,,,
697586ef20f6373f2302fb68,Nagano Highland,,,,
697586ef20f6373f2302fb69,Nante,,,,
697586ef20f6373f2302fb6a,Navago,,,,
697586ef20f6373f2302fb6b,Navigator,,,,
697586ef20f6373f2302fb6c,Nemag,,,,
697586ef20f6373f2302fb6d,Nemek,,,,
697586ef20f6373f2302fb6f,Nibbi,,,,
697586ef20f6373f2302fb71,Nihon Flex,,,,
697586ef20f6373f2302fb72,Nihon Freki,,,,
697586ef20f6373f2302fb73,Niko,,,,
697586ef20f6373f2302fb75,Pagani Geotechnical Equipment,,,,
697586ef20f6373f2302fb76,Palazzani,,,,
697586ef20f6373f2302fb77,Paus-Hermann,,,,
697586ef20f6373f2302fb78,Pauselli,,,,
697586ef20f6373f2302fb79,Pazzaglia,,,,
697586ef20f6373f2302fb7a,Peljob,,,,
697586ef20f6373f2302fb7b,Penta Moter,,,,
697586ef20f6373f2302fb7c,Pezzolato,,,,
697586ef20f6373f2302fb7d,Picchio,,,,
697586ef20f6373f2302fb7e,Piccini,,,,
697586ef20f6373f2302fb7f,Platform Basket,,,,
697586ef20f6373f2302fb80,Platinum Lift,,,,
697586ef20f6373f2302fb81,Porello,,,,
697586ef20f6373f2302fb82,Porrello,,,,
697586ef20f6373f2302fb83,Positrack,,,,
697586ef20f6373f2302fb84,Powerfab,,,,
697586ef20f6373f2302fb85,Powerpac,,,,
697586ef20f6373f2302fb86,Pressoil,,,,
697586ef20f6373f2302fb87,Putzmeister,,,,
697586ef20f6373f2302fb88,QIYUN,,,,
697586ef20f6373f2302fb8e,RHINOCEROS,,,,
697586ef20f6373f2302fb89,Rampicar,,,,
697586ef20f6373f2302fb8a,Ramrod,,,,
697586ef20f6373f2302fb8c,Raymar,,,,
697586ef20f6373f2302fb8d,Renders,,,,
697586ef20f6373f2302fb8f,Riebsamen,,,,
697586ef20f6373f2302fb90,Rock,,,,
697586ef20f6373f2302fb91,Rocky Rapid,,,,
697586ef20f6373f2302fb92,Rolatec,,,,
697586ef20f6373f2302fb93,Rossi,,,,
697586ef20f6373f2302fb94,Rotomax,,,,
697586ef20f6373f2302fb95,Rufener,,,,
697586ef20f6373f2302fb9f,SDP Manufacturing,,,,
697586ef20f6373f2302fbad,SMC,,,,
697586ef20f6373f2302fbb7,SUP,,,,
697586ef20f6373f2302fb96,Sacet,,,,
697586ef20f6373f2302fb97,Samsung,,,,
697586ef20f6373f2302fb98,Sandqueen Uk,,,,
697586ef20f6373f2302fb9a,Sato,,,,
697586ef20f6373f2302fb9b,Satvia,,,,
697586ef20f6373f2302fb9c,Scattrack,,,,
697586ef20f6373f2302fb9d,Schaefer,,,,
697586ef20f6373f2302fb9e,Schaeff,,,,
697586ef20f6373f2302fba0,Sedidrill,,,,
697586ef20f6373f2302fba1,Senic,,,,
697586ef20f6373f2302fba2,Sequani,,,,
697586ef20f6373f2302fba3,Shibura,,,,
697586ef20f6373f2302fba4,Shin-Towa,,,,
697586ef20f6373f2302fba5,Showa Aircraft,,,,
697586ef20f6373f2302fba6,Sicocu,,,,
697586ef20f6373f2302fba7,Sika,,,,
697586ef20f6373f2302fba8,Silea,,,,
697586ef20f6373f2302fba9,Silla,,,,
697586ef20f6373f2302fbaa,Slane,,,,
697586ef20f6373f2302fbab,Slane International,,,,
697586ef20f6373f2302fbac,Smac,,,,
697586ef20f6373f2302fbae,So.Ca.Ce,,,,
697586ef20f6373f2302fbaf,Socomafor,,,,
697586ef20f6373f2302fbb0,Soma,,,,
697586ef20f6373f2302fbb1,Stanley,,,,
697586ef20f6373f2302fbb2,Stenuick,,,,
697586ef20f6373f2302fbb3,Straightline,,,,
697586ef20f6373f2302fbb4,Streck,,,,
697586ef20f6373f2302fbb6,Sunward,,,,
697586ef20f6373f2302fbb8,Supertoy,,,,
697586ef20f6373f2302fbba,TAIANLUYUE,,,,
697586ef20f6373f2302fbbe,TCP,,,,
697586ef20f6373f2302fbc0,TECOINSA,,,,
697586ef20f6373f2302fbc6,TES,,,,
697586ef20f6373f2302fbcd,TRACCESS,,,,
697586ef20f6373f2302fbd4,TRS,,,,
697586ef20f6373f2302fbd6,TZ,,,,
697586ef20f6373f2302fbbc,Tanaka,,,,
697586ef20f6373f2302fbbd,Taylorst. Plant,,,,
697586ef20f6373f2302fbbf,Tecniwell,,,,
697586ef20f6373f2302fbc1,Tekna,,,,
697586ef20f6373f2302fbc3,Terra Jet,,,,
697586ef20f6373f2302fbc4,Terramac,,,,
697586ef20f6373f2302fbc5,Terramite,,,,
697586ef20f6373f2302fbc7,Tescar,,,,
697586ef20f6373f2302fbc9,Tifermec,,,,
697586ef20f6373f2302fbca,Top Steel,,,,
697586ef20f6373f2302fbcb,Top Tec,,,,
697586ef20f6373f2302fbcc,Topcat,,,,
697586ef20f6373f2302fbce,Track Star,,,,
697586ef20f6373f2302fbcf,Trackbull,,,,
697586ef20f6373f2302fbd0,Trak,,,,
697586ef20f6373f2302fbd1,Traklift,,,,
697586ef20f6373f2302fbd2,Trax,,,,
697586ef20f6373f2302fbd3,Traxmax,,,,
697586ef20f6373f2302fbd5,Turchi,,,,
697586ef20f6373f2302fbd8,Unimov,,,,
697586ef20f6373f2302fbd9,Unkauf,,,,
697586ef20f6373f2302fbda,Upright,,,,
697586ef20f6373f2302fbdb,Utex,,,,
697586ef20f6373f2302fbdf,VIMALFIRE,,,,
697586ef20f6373f2302fbdc,Velcodrill,,,,
697586ef20f6373f2302fbdd,Venieri,,,,
697586ef20f6373f2302fbe0,Vnk Crane Europe,,,,
697586ef20f6373f2302fbe3,WAMET,,,,
697586ef20f6373f2302fbe4,Wyssen,,,,
697586ef20f6373f2302fbe6,Yamaguchi / Winbull,,,,
697586ef20f6373f2302fbe8,Ygry,,,,
697586ef20f6373f2302fbe9,Yuchai,,,,
697586ef20f6373f2302fbea,Yutani,,,,
697586ef20f6373f2302fbeb,Zavattini,,,,
697586ef20f6373f2302fbec,Zeppelin,,,,
697586ef20f6373f2302fbed,Zhenyu,,,,
697586ef20f6373f2302fbee,Zntsis Brzesko,,,,
