ID,Name,Logo,Description,SEO Title,SEO Description
697586ef20f6373f2302faa7,ASV,,,,
697586ef20f6373f2302fa98,Airman,,,,
697586ef20f6373f2302faa0,Ammann,,,,
697586ef20f6373f2302faa6,Astec,,,,
697586ef20f6373f2302faaa,Atlas,,,,
697586ef20f6373f2302faac,Ausa,,,,
697586ef20f6373f2302fab0,Bandit,,,,
697586ef20f6373f2302fac3,Bobcat,,,,
697586ef20f6373f2302fac7,Brokk,,,,
697586ef20f6373f2302fad0,CASE,,,,
697586ef20f6373f2302fad2,CAT,,,,
697586ef20f6373f2302fae5,Daewoo,,,,
697586ef20f6373f2302fae8,Ditch-Witch,,,,
697586ef20f6373f2302faec,Doosan,,,,
697586ef20f6373f2302faf0,Dynapac,,,,
697586ef20f6373f2302fb0c,Gehl,,,,
697586ef20f6373f2302fb10,Genie,,,,
697586ef20f6373f2302fb1a,Hanix,,,,
697586ef20f6373f2302fb1d,Haulotte,,,,
697586ef20f6373f2302fb22,Hinowa,,,,
697586ef20f6373f2302fb23,Hitachi,,,,
697586ef20f6373f2302fb31,Hyundai,,,,
697586ef20f6373f2302fb33,IHI,,,,
697586ef20f6373f2302fb39,JCB,,,,
697586ef20f6373f2302fb3c,JLG,,,,
697586ef20f6373f2302fb3d,John Deere,,,,
697586ef20f6373f2302fb43,Kobelco,,,,
697586ef20f6373f2302fb44,Komatsu,,,,
697586ef20f6373f2302fb45,Kubota,,,,
697586ef20f6373f2302fb46,Link-Belt,,,,
697586ef20f6373f2302fb4b,Manitou,,,,
697586ef20f6373f2302fb5f,Mitsubishi,,,,
697586ef20f6373f2302fb63,Morooka,,,,
697586ef20f6373f2302fb66,Mustang,,,,
697586ef20f6373f2302fb67,Nagano,,,,
697586ef20f6373f2302fb6e,New Holland,,,,
697586ef20f6373f2302fb70,Nifty,,,,
697586ef20f6373f2302fb74,Nissan,,,,
697586ef20f6373f2302fb8b,Rayco,,,,
697586ef20f6373f2302fb99,Sany,,,,
697586ef20f6373f2302fbb5,Sumitomo,,,,
697586ef20f6373f2302fbb9,Tadano,,,,
697586ef20f6373f2302fbbb,Takeuchi,,,,
697586ef20f6373f2302fbc2,Terex,,,,
697586ef20f6373f2302fbc8,Thomas,,,,
697586ef20f6373f2302fbd7,Unic,,,,
697586ef20f6373f2302fbde,Vermeer,,,,
697586ef20f6373f2302fbe1,Volvo,,,,
697586ef20f6373f2302fbe2,Wacker Neuson,,,,
697586ef20f6373f2302fbe5,XCMG,,,,
697586ef20f6373f2302fbe7,Yanmar,,,,
