ID,Brand,Model Name,Full Name,Equipment Type,Description,Image URL,is_keep_brand
697586ef20f6373f230301a6,Hiab,033T,Hiab 033T,,,,False
697586ef20f6373f23030bc4,Utex,1.03,Utex 1.03,,,,False
697586ef20f6373f2302fca5,Aros China,1.5,Aros China 1.5,,,,False
697586ef20f6373f2302ff59,Chieftan,10,Chieftan 10,,,,False
697586ef20f6373f230307eb,Mecalac,10 MCR,Mecalac 10 MCR,,,,False
697586ef20f6373f2302ff9f,Cormidi,10.65 (Mini Transporter),Cormidi 10.65 (Mini Transporter),,,,False
697586ef20f6373f23030027,Durso,10.65 Auto,Durso 10.65 Auto,,,,False
697586ef20f6373f23030028,Durso,10.65 Dumper,Durso 10.65 Dumper,,,,False
697586ef20f6373f2302ffa0,Cormidi,10.65 auto (Mini Transporter),Cormidi 10.65 auto (Mini Transporter),,,,False
697586ef20f6373f230309b4,Powerfab,100 X,Powerfab 100 X,,,,False
697586ef20f6373f230307de,Maweco,1003,Maweco 1003,,,,False
697586ef20f6373f2303082d,Mintrac,1003,Mintrac 1003,,,,False
697586ef20f6373f23030053,EurocoMach,100TR,EurocoMach 100TR,,,,False
697586ef20f6373f230304f0,Kaidi,103,Kaidi 103,,,,False
697586ef20f6373f230304f1,Kaidi,103.3,Kaidi 103.3,,,,False
697586ef20f6373f23030146,HCC,1050-B (Mini-Carrier),HCC 1050-B (Mini-Carrier),,,,False
697586ef20f6373f23030147,HCC,1051 (Mini-Carrier),HCC 1051 (Mini-Carrier),,,,False
697586ef20f6373f23030148,HCC,1051-B (Mini-Carrier),HCC 1051-B (Mini-Carrier),,,,False
697586ef20f6373f23030149,HCC,1051-D (Mini-Carrier),HCC 1051-D (Mini-Carrier),,,,False
697586ef20f6373f2302fca9,Athena,1090 (Lifting Platform),Athena 1090 (Lifting Platform),,,,False
697586ef20f6373f2302ff5a,Chieftan,10F,Chieftan 10F,,,,False
697586ef20f6373f2302ff5b,Chieftan,10G,Chieftan 10G,,,,False
697586ef20f6373f2302ff5c,Chieftan,10S,Chieftan 10S,,,,False
697586ef20f6373f23030321,Huki,110 (Dumper),Huki 110 (Dumper),,,,False
697586ef20f6373f23030a47,Sedidrill,110 (drilling machine),Sedidrill 110 (drilling machine),,,,False
697586ef20f6373f230300b3,Fermec,114,Fermec 114,,,,False
697586ef20f6373f230300b4,Fermec,115,Fermec 115,,,,False
697586ef20f6373f230309d4,Ramrod,1150 Taskmaster,Ramrod 1150 Taskmaster,,,,False
697586ef20f6373f23030a13,Scattrack,116,Scattrack 116,,,,False
697586ef20f6373f2302fdba,Boxer,118,Boxer 118,,,,False
697586ef20f6373f23030a14,Scattrack,118,Scattrack 118,,,,False
697586ef20f6373f2302ff5d,Chieftan,12,Chieftan 12,,,,False
697586ef20f6373f2302ff54,Carrier,1200,Carrier 1200,,,,False
697586ef20f6373f230309b5,Powerfab,1200 SX,Powerfab 1200 SX,,,,False
697586ef20f6373f230309b6,Powerfab,1200 X,Powerfab 1200 X,,,,False
697586ef20f6373f23030322,Huki,120H (Dumper),Huki 120H (Dumper),,,,False
697586ef20f6373f230300b5,Fermec,123,Fermec 123,,,,False
697586ef20f6373f230300b6,Fermec,125,Fermec 125,,,,False
697586ef20f6373f23030a15,Scattrack,125,Scattrack 125,,,,False
697586ef20f6373f230309b7,Powerfab,1250,Powerfab 1250,,,,False
697586ef20f6373f23030bc1,Unimov,1250,Unimov 1250,,,,False
697586ef20f6373f23030844,Monitor,1275,Monitor 1275,,,,False
697586ef20f6373f230300b7,Fermec,128,Fermec 128,,,,False
697586ef20f6373f2302ff5e,Chieftan,12G,Chieftan 12G,,,,False
697586ef20f6373f2302ffa1,Cormidi,13.80 (Mini Transporter),Cormidi 13.80 (Mini Transporter),,,,False
697586ef20f6373f23030029,Durso,13.80 Auto,Durso 13.80 Auto,,,,False
697586ef20f6373f2303002a,Durso,13.80 Dumper,Durso 13.80 Dumper,,,,False
697586ef20f6373f2302ffa2,Cormidi,13.80 auto (Mini Transporter),Cormidi 13.80 auto (Mini Transporter),,,,False
697586ef20f6373f230300b8,Fermec,130,Fermec 130,,,,False
697586ef20f6373f23030a16,Scattrack,130,Scattrack 130,,,,False
697586ef20f6373f23030323,Huki,130 (Dumper),Huki 130 (Dumper),,,,False
697586ef20f6373f230307df,Maweco,1302,Maweco 1302,,,,False
697586ef20f6373f2303082e,Mintrac,1302,Mintrac 1302,,,,False
697586ef20f6373f230300b9,Fermec,131,Fermec 131,,,,False
697586ef20f6373f2302fce8,Barreto,1324STK,Barreto 1324STK,,,,False
697586ef20f6373f230300ba,Fermec,135,Fermec 135,,,,False
697586ef20f6373f23030a17,Scattrack,135,Scattrack 135,,,,False
697586ef20f6373f23030a4d,Sequani,135CS Skylift,Sequani 135CS Skylift,,,,False
697586ef20f6373f2302fce9,Barreto,13STKH,Barreto 13STKH,,,,False
697586ef20f6373f23030a5e,Silla,14,Silla 14,,,,False
697586ef20f6373f23030330,Hutter,14 G2,Hutter 14 G2,,,,False
697586ef20f6373f2302ffa3,Cormidi,14.100 (Mini Transporter),Cormidi 14.100 (Mini Transporter),,,,False
697586ef20f6373f2303002b,Durso,14.100 Auto,Durso 14.100 Auto,,,,False
697586ef20f6373f2303002c,Durso,14.100 Dumper,Durso 14.100 Dumper,,,,False
697586ef20f6373f2302ffa4,Cormidi,14.65 (Mini Transporter),Cormidi 14.65 (Mini Transporter),,,,False
697586ef20f6373f2302ffa5,Cormidi,14.90 (Mini Transporter),Cormidi 14.90 (Mini Transporter),,,,False
697586ef20f6373f23030045,EuroCAT,140HVS,EuroCAT 140HVS,,,,False
697586ef20f6373f230300bb,Fermec,145,Fermec 145,,,,False
697586ef20f6373f2303099b,Picchio,1465 (Lifting platform),Picchio 1465 (Lifting platform),,,,False
697586ef20f6373f230300bc,Fermec,150,Fermec 150,,,,False
697586ef20f6373f23030a18,Scattrack,150,Scattrack 150,,,,False
697586ef20f6373f23030324,Huki,150 (Dumper),Huki 150 (Dumper),,,,False
697586ef20f6373f23030ba7,Trak,1500D (VTS System for Skidsteer Loader),Trak 1500D (VTS System for Skidsteer Loader),,,,False
697586ef20f6373f23030046,EuroCAT,150LSE,EuroCAT 150LSE,,,,False
697586ef20f6373f2303014d,Hainzl,150LSE,Hainzl 150LSE,,,,False
697586ef20f6373f23030325,Huki,150R (Dumper),Huki 150R (Dumper),,,,False
697586ef20f6373f23030326,Huki,150S (Dumper),Huki 150S (Dumper),,,,False
697586ef20f6373f2303099c,Picchio,1690 (Sky Lifter),Picchio 1690 (Sky Lifter),,,,False
697586ef20f6373f2302fcea,Barreto,16STKB,Barreto 16STKB,,,,False
697586ef20f6373f230309b8,Powerfab,1700 SX,Powerfab 1700 SX,,,,False
697586ef20f6373f2302ff55,Carrier,1700X,Carrier 1700X,,,,False
697586ef20f6373f23030ba8,Trak,1750D ( (VTS System for Skidsteer Loader),Trak 1750D ( (VTS System for Skidsteer Loader),,,,False
697586ef20f6373f23030ba9,Trak,1750D (VTS System for Skidsteer Loader),Trak 1750D (VTS System for Skidsteer Loader),,,,False
697586ef20f6373f23030a5f,Silla,18,Silla 18,,,,False
697586ef20f6373f2302ffa6,Cormidi,18.100 (Mini Transporter),Cormidi 18.100 (Mini Transporter),,,,False
697586ef20f6373f2303002d,Durso,18.100 Auto,Durso 18.100 Auto,,,,False
697586ef20f6373f2303002e,Durso,18.100 DTR,Durso 18.100 DTR,,,,False
697586ef20f6373f2302ffa7,Cormidi,18.100 Dtae (Mini Transporter),Cormidi 18.100 Dtae (Mini Transporter),,,,False
697586ef20f6373f2303002f,Durso,18.100 Dumper,Durso 18.100 Dumper,,,,False
697586ef20f6373f230309b9,Powerfab,180,Powerfab 180,,,,False
697586ef20f6373f2302fceb,Barreto,1824TK,Barreto 1824TK,,,,False
697586ef20f6373f23030ba1,Top Tec,1850E,Top Tec 1850E,,,,False
697586ef20f6373f2302ffde,Dino,185XTC,Dino 185XTC,,,,False
697586ef20f6373f230308af,Navago,19/9 ('2001),Navago 19/9 ('2001),,,,False
697586ef20f6373f230304fe,Kato-Imer,19VXT,Kato-Imer 19VXT,,,,False
697586ef20f6373f2303003d,Eckart,1B30,Eckart 1B30,,,,False
697586ef20f6373f230309e4,Rock,20,Rock 20,,,,False
697586ef20f6373f2302ffa8,Cormidi,20.150 (Mini Transporter),Cormidi 20.150 (Mini Transporter),,,,False
697586ef20f6373f2302fdb8,Bormor,200TX,Bormor 200TX,,,,False
697586ef20f6373f2302fcec,Barreto,2024RTK,Barreto 2024RTK,,,,False
697586ef20f6373f2302fced,Barreto,2036RTK,Barreto 2036RTK,,,,False
697586ef20f6373f23030a6f,Straightline,2062,Straightline 2062,,,,False
697586ef20f6373f230304ef,Joly,20HP (Minicarrier),Joly 20HP (Minicarrier),,,,False
697586ef20f6373f23030a48,Sedidrill,210 (drilling machine),Sedidrill 210 (drilling machine),,,,False
697586ef20f6373f230300a7,FAI,212 New,FAI 212 New,,,,False
697586ef20f6373f230300a8,FAI,212 Old,FAI 212 Old,,,,False
697586ef20f6373f2302ff3d,Cams Libra,214,Cams Libra 214,,,,False
697586ef20f6373f230300a9,FAI,215,FAI 215,,,,False
697586ef20f6373f2302ff3e,Cams Libra,216S,Cams Libra 216S,,,,False
697586ef20f6373f230300aa,FAI,218,FAI 218,,,,False
697586ef20f6373f2302ff3f,Cams Libra,218SV,Cams Libra 218SV,,,,False
697586ef20f6373f2302ff40,Cams Libra,219RSV,Cams Libra 219RSV,,,,False
697586ef20f6373f2302ff41,Cams Libra,224S,Cams Libra 224S,,,,False
697586ef20f6373f2302ff42,Cams Libra,229S,Cams Libra 229S,,,,False
697586ef20f6373f23030054,EurocoMach,22SR,EurocoMach 22SR,,,,False
697586ef20f6373f2302ffa9,Cormidi,23.150 Auto (Mini Transporter),Cormidi 23.150 Auto (Mini Transporter),,,,False
697586ef20f6373f2302ffaa,Cormidi,23.150 Dtae (Mini Transporter),Cormidi 23.150 Dtae (Mini Transporter),,,,False
697586ef20f6373f2302ffab,Cormidi,23.150 Dum (Mini Transporter),Cormidi 23.150 Dum (Mini Transporter),,,,False
697586ef20f6373f2302ffac,Cormidi,23.150 Ext (Mini Transporter),Cormidi 23.150 Ext (Mini Transporter),,,,False
697586ef20f6373f230300ab,FAI,230,FAI 230,,,,False
697586ef20f6373f23030aea,TRACCESS,230,TRACCESS 230,,,,False
697586ef20f6373f2302fcee,Barreto,2324RTK,Barreto 2324RTK,,,,False
697586ef20f6373f2302ff43,Cams Libra,234S,Cams Libra 234S,,,,False
697586ef20f6373f230300ac,FAI,235,FAI 235,,,,False
697586ef20f6373f230300ad,FAI,240,FAI 240,,,,False
697586ef20f6373f23030bac,Traxmax,250,Traxmax 250,,,,False
697586ef20f6373f23030a49,Sedidrill,250 (drilling machine),Sedidrill 250 (drilling machine),,,,False
697586ef20f6373f230309f0,SDP Manufacturing,2500,SDP Manufacturing 2500,,,,False
697586ef20f6373f23030b86,Terra Jet,2514 B (drilling machine),Terra Jet 2514 B (drilling machine),,,,False
697586ef20f6373f23030a19,Scattrack,254S,Scattrack 254S,,,,False
697586ef20f6373f2302ff44,Cams Libra,254ST,Cams Libra 254ST,,,,False
697586ef20f6373f23030ba3,Track Star,28,Track Star 28,,,,False
697586ef20f6373f2302ff37,Camisa,280,Camisa 280,,,,False
697586ef20f6373f23030ae9,TES,29,TES 29,,,,False
697586ef20f6373f23030bae,Turchi,300 [OEM350x108x42],Turchi 300 [OEM350x108x42],,,,False
697586ef20f6373f23030baf,Turchi,300F [OEM300x55x79],Turchi 300F [OEM300x55x79],,,,False
697586ef20f6373f2302fdbb,Boxer,320,Boxer 320,,,,False
697586ef20f6373f2302ff8b,Collina,320L Tractor,Collina 320L Tractor,,,,False
697586ef20f6373f2302fdbc,Boxer,322D,Boxer 322D,,,,False
697586ef20f6373f2302ffad,Cormidi,34.200 Auto (Mini Transporter),Cormidi 34.200 Auto (Mini Transporter),,,,False
697586ef20f6373f2302ffae,Cormidi,34.200 Dum (Mini Transporter),Cormidi 34.200 Dum (Mini Transporter),,,,False
697586ef20f6373f23030047,EuroCAT,350LSE,EuroCAT 350LSE,,,,False
697586ef20f6373f23030a67,Socomafor,35R,Socomafor 35R,,,,False
697586ef20f6373f2302ff38,Camisa,380,Camisa 380,,,,False
697586ef20f6373f23030bab,Trax,40 (US Market),Trax 40 (US Market),,,,False
697586ef20f6373f2302fdb9,Bormor,400TX,Bormor 400TX,,,,False
697586ef20f6373f230307e0,Maweco,403,Maweco 403,,,,False
697586ef20f6373f2303082f,Mintrac,403,Mintrac 403,,,,False
697586ef20f6373f230308b2,Nemek,407 RT,Nemek 407 RT,,,,False
697586ef20f6373f230308b3,Nemek,407 TS,Nemek 407 TS,,,,False
697586ef20f6373f23030130,Geier,40S,Geier 40S,,,,False
697586ef20f6373f230300ae,FAI,410C,FAI 410C,,,,False
697586ef20f6373f23030ba4,Track Star,412,Track Star 412,,,,False
697586ef20f6373f23030a4e,Shibura,425MA,Shibura 425MA,,,,False
697586ef20f6373f2302fdbd,Boxer,427,Boxer 427,,,,False
697586ef20f6373f23030055,EurocoMach,42ZT,EurocoMach 42ZT,,,,False
697586ef20f6373f23030845,Monitor,43T,Monitor 43T,,,,False
697586ef20f6373f2302fca2,Apageo,450 (H.D Drilling Machine),Apageo 450 (H.D Drilling Machine),,,,False
697586ef20f6373f23030a5d,Silea,45RP,Silea 45RP,,,,False
697586ef20f6373f23030056,EurocoMach,45TR,EurocoMach 45TR,,,,False
697586ef20f6373f2302ff39,Camisa,480H,Camisa 480H,,,,False
697586ef20f6373f23030143,Grundohit,4S,Grundohit 4S,,,,False
697586ef20f6373f2302ffaf,Cormidi,5.65 (Mini Transporter),Cormidi 5.65 (Mini Transporter),,,,False
697586ef20f6373f2302ffb0,Cormidi,50 (Mini Transporter),Cormidi 50 (Mini Transporter),,,,False
697586ef20f6373f23030952,Pauselli,500,Pauselli 500,,,,False
697586ef20f6373f23030ba5,Track Star,500,Track Star 500,,,,False
697586ef20f6373f2302fcf0,Belle,5070,Belle 5070,,,,False
697586ef20f6373f23030a68,Socomafor,50R,Socomafor 50R,,,,False
697586ef20f6373f23030a1a,Scattrack,516,Scattrack 516,,,,False
697586ef20f6373f23030a1b,Scattrack,520,Scattrack 520,,,,False
697586ef20f6373f23030a1c,Scattrack,520V,Scattrack 520V,,,,False
697586ef20f6373f2302fdbe,Boxer,526DX,Boxer 526DX,,,,False
697586ef20f6373f23030a1d,Scattrack,530,Scattrack 530,,,,False
697586ef20f6373f2302fdbf,Boxer,530DX,Boxer 530DX,,,,False
697586ef20f6373f2302fdc0,Boxer,532DX,Boxer 532DX,,,,False
697586ef20f6373f23030a1e,Scattrack,533,Scattrack 533,,,,False
697586ef20f6373f23030a1f,Scattrack,535,Scattrack 535,,,,False
697586ef20f6373f23030a20,Scattrack,545,Scattrack 545,,,,False
697586ef20f6373f23030137,Geoprobe,54DT (Drilling Machine),Geoprobe 54DT (Drilling Machine),,,,False
697586ef20f6373f23030bad,Traxmax,550 (Compact Track Loader),Traxmax 550 (Compact Track Loader),,,,False
697586ef20f6373f2302ffb1,Cormidi,56 (Mini Transporter),Cormidi 56 (Mini Transporter),,,,False
697586ef20f6373f2302ff3a,Camisa,580,Camisa 580,,,,False
697586ef20f6373f2302fca3,Apageo,580 (H.D Drilling Machine),Apageo 580 (H.D Drilling Machine),,,,False
697586ef20f6373f230307ec,Mecalac,6 MCR,Mecalac 6 MCR,,,,False
697586ef20f6373f23030030,Durso,6.50 RI,Durso 6.50 RI,,,,False
697586ef20f6373f2302ffb2,Cormidi,6.50 RI (Mini Transporter),Cormidi 6.50 RI (Mini Transporter),,,,False
697586ef20f6373f23030031,Durso,6.50 RM,Durso 6.50 RM,,,,False
697586ef20f6373f2302ffb3,Cormidi,6.65 (Mini Transporter),Cormidi 6.65 (Mini Transporter),,,,False
697586ef20f6373f2302fdc1,Boxer,600HD,Boxer 600HD,,,,False
697586ef20f6373f23030131,Geier,60S,Geier 60S,,,,False
697586ef20f6373f2302ffb4,Cormidi,65 (Mini Transporter),Cormidi 65 (Mini Transporter),,,,False
697586ef20f6373f23030a69,Socomafor,65 (drilling),Socomafor 65 (drilling),,,,False
697586ef20f6373f23030138,Geoprobe,6610DT (Drilling Machine),Geoprobe 6610DT (Drilling Machine),,,,False
697586ef20f6373f2302ff3b,Camisa,680,Camisa 680,,,,False
697586ef20f6373f230304f3,Kato,70,Kato 70,,,,False
697586ef20f6373f2303003c,EMCI,700,EMCI 700,,,,False
697586ef20f6373f23030953,Pauselli,700,Pauselli 700,,,,False
697586ef20f6373f23030327,Huki,700-2 (Dumper),Huki 700-2 (Dumper),,,,False
697586ef20f6373f2302fdc2,Boxer,700HDX,Boxer 700HDX,,,,False
697586ef20f6373f230307e1,Maweco,703,Maweco 703,,,,False
697586ef20f6373f23030830,Mintrac,703,Mintrac 703,,,,False
697586ef20f6373f23030831,Mintrac,709,Mintrac 709,,,,False
697586ef20f6373f2302fcd7,Awasi,75-6,Awasi 75-6,,,,False
697586ef20f6373f23030a5b,Sicocu,750DH3,Sicocu 750DH3,,,,False
697586ef20f6373f23030139,Geoprobe,7822DT (Drilling Machine),Geoprobe 7822DT (Drilling Machine),,,,False
697586ef20f6373f23030328,Huki,80 (Dumper),Huki 80 (Dumper),,,,False
697586ef20f6373f230300d0,Fiori,800,Fiori 800,,,,False
697586ef20f6373f23030ae4,Supertoy,800T,Supertoy 800T,,,,False
697586ef20f6373f23030832,Mintrac,808,Mintrac 808,,,,False
697586ef20f6373f23030132,Geier,85TLY,Geier 85TLY,,,,False
697586ef20f6373f230304f4,Kato,85V-4,Kato 85V-4,,,,False
697586ef20f6373f2302ff45,Cams Libra,865,Cams Libra 865,,,,False
697586ef20f6373f230307ed,Mecalac,8MCR ('2010),Mecalac 8MCR ('2010),,,,False
697586ef20f6373f23030331,Hydra,9 / 2 (Sky lifter),Hydra 9 / 2 (Sky lifter),,,,False
697586ef20f6373f2302fcf8,Benfra,9.01,Benfra 9.01,,,,False
697586ef20f6373f2302fcf9,Benfra,9.01B,Benfra 9.01B,,,,False
697586ef20f6373f2302fcfa,Benfra,9.02,Benfra 9.02,,,,False
697586ef20f6373f2302fcfb,Benfra,9.02B,Benfra 9.02B,,,,False
697586ef20f6373f2302fcfc,Benfra,9.02S,Benfra 9.02S,,,,False
697586ef20f6373f2302ffb5,Cormidi,9.65 (Mini Transporter),Cormidi 9.65 (Mini Transporter),,,,False
697586ef20f6373f23030032,Durso,9.65 Auto,Durso 9.65 Auto,,,,False
697586ef20f6373f2302ffb6,Cormidi,9.65 Auto (Mini Transporter),Cormidi 9.65 Auto (Mini Transporter),,,,False
697586ef20f6373f23030033,Durso,9.65 Dumper,Durso 9.65 Dumper,,,,False
697586ef20f6373f2302ffb7,Cormidi,9.65 R (Mini Transporter),Cormidi 9.65 R (Mini Transporter),,,,False
697586ef20f6373f23030a4a,Sedidrill,90 (drilling machine),Sedidrill 90 (drilling machine),,,,False
697586ef20f6373f23030057,EurocoMach,90ZT,EurocoMach 90ZT,,,,False
697586ef20f6373f23030112,Gehlmax,A 12,Gehlmax A 12,,,,False
697586ef20f6373f23030113,Gehlmax,A 12B,Gehlmax A 12B,,,,False
697586ef20f6373f23030114,Gehlmax,A 14SA,Gehlmax A 14SA,,,,False
697586ef20f6373f2302fc9f,Antec,A12B,Antec A12B,,,,False
697586ef20f6373f2302fca0,Antec,A14sa,Antec A14sa,,,,False
697586ef20f6373f23030a5c,Sika,ALIVA 503,Sika ALIVA 503,,,,False
697586ef20f6373f2302fbf1,ALLEN,AT14F,ALLEN AT14F,,,,False
697586ef20f6373f2302fbf3,ALLtrack,AT1500,ALLtrack AT1500,,,,False
697586ef20f6373f2302fbf2,ALLEN,AT16,ALLEN AT16,,,,False
697586ef20f6373f2302fbf4,ALLtrack,AT2200,ALLtrack AT2200,,,,False
697586ef20f6373f2302fc0c,ATN,ATN | PIAF450 (Platform - non-marking tracks),ATN ATN | PIAF450 (Platform - non-marking tracks),,,,False
697586ef20f6373f2302fc0d,ATN,ATN | PIAF560 (Platform - non-marking tracks),ATN ATN | PIAF560 (Platform - non-marking tracks),,,,False
697586ef20f6373f2302fc0e,ATN,ATN | PIAF800 (Platform - non-marking tracks),ATN ATN | PIAF800 (Platform - non-marking tracks),,,,False
697586ef20f6373f2302fc0f,ATN,ATN | PIAF810,ATN ATN | PIAF810,,,,False
697586ef20f6373f2302fc10,ATN,ATN | PIAF811,ATN ATN | PIAF811,,,,False
697586ef20f6373f2302fc83,Airman-Foredil,AX 16-2N,Airman-Foredil AX 16-2N,,,,False
697586ef20f6373f2302fc84,Airman-Foredil,AX 29U,Airman-Foredil AX 29U,,,,False
697586ef20f6373f2302fc85,Airman-Foredil,AX 35,Airman-Foredil AX 35,,,,False
697586ef20f6373f2302fc86,Airman-Foredil,AX 45,Airman-Foredil AX 45,,,,False
697586ef20f6373f2302fc87,Airman-Foredil,AX22,Airman-Foredil AX22,,,,False
697586ef20f6373f2302fd13,Bluelift,Aerial Platform,Bluelift Aerial Platform,,,,False
697586ef20f6373f2302fc88,Almac,Athena-870,Almac Athena-870,,,,False
697586ef20f6373f23030315,Honda,B 114,Honda B 114,,,,False
697586ef20f6373f23030316,Honda,B 415,Honda B 415,,,,False
697586ef20f6373f23030df2,Yutani,B 53,Yutani B 53,,,,False
697586ef20f6373f23030df3,Yutani,B 76,Yutani B 76,,,,False
697586ef20f6373f2302fdb5,Bonne Esperance,B23RP,Bonne Esperance B23RP,,,,False
697586ef20f6373f2302fd12,Bitelli,BB611C(Asphalt Finisher),Bitelli BB611C(Asphalt Finisher),,,,False
697586ef20f6373f2302fc11,Abbati,BBT954-5.16,Abbati BBT954-5.16,,,,False
697586ef20f6373f2302fc12,Abbati,BBT954-5.17,Abbati BBT954-5.17,,,,False
697586ef20f6373f2303013f,Green Technik,BC350,Green Technik BC350,,,,False
697586ef20f6373f2302fdb6,Bonne Esperance,BE2050,Bonne Esperance BE2050,,,,False
697586ef20f6373f2302ff60,Chikusui/Canycom,BFG1005(Mini Transporter),Chikusui/Canycom BFG1005(Mini Transporter),,,,False
697586ef20f6373f2302ff61,Chikusui/Canycom,BFG1301,Chikusui/Canycom BFG1301,,,,False
697586ef20f6373f2302ff62,Chikusui/Canycom,BFG1301 (Mini Transporter),Chikusui/Canycom BFG1301 (Mini Transporter),,,,False
697586ef20f6373f2302ff63,Chikusui/Canycom,BFG1302 (Mini Transporter),Chikusui/Canycom BFG1302 (Mini Transporter),,,,False
697586ef20f6373f2302ff64,Chikusui/Canycom,BFG1303 (Mini Transporter),Chikusui/Canycom BFG1303 (Mini Transporter),,,,False
697586ef20f6373f2302ff65,Chikusui/Canycom,BFK703 (Mini Transporter),Chikusui/Canycom BFK703 (Mini Transporter),,,,False
697586ef20f6373f2302ff66,Chikusui/Canycom,BFK709 (Mini Transporter),Chikusui/Canycom BFK709 (Mini Transporter),,,,False
697586ef20f6373f2302ff67,Chikusui/Canycom,BFK808 (Mini Transporter),Chikusui/Canycom BFK808 (Mini Transporter),,,,False
697586ef20f6373f2302ff68,Chikusui/Canycom,BFP402,Chikusui/Canycom BFP402,,,,False
697586ef20f6373f2302ff69,Chikusui/Canycom,BFP402 (Mini Transporter),Chikusui/Canycom BFP402 (Mini Transporter),,,,False
697586ef20f6373f2302ff6a,Chikusui/Canycom,BFP405,Chikusui/Canycom BFP405,,,,False
697586ef20f6373f2302ff6b,Chikusui/Canycom,BFP405 (Mini Transporter),Chikusui/Canycom BFP405 (Mini Transporter),,,,False
697586ef20f6373f2302ff6c,Chikusui/Canycom,BFP501,Chikusui/Canycom BFP501,,,,False
697586ef20f6373f2302ff6d,Chikusui/Canycom,BFP602,Chikusui/Canycom BFP602,,,,False
697586ef20f6373f2302ff6e,Chikusui/Canycom,BFP602 (Mini Transporter),Chikusui/Canycom BFP602 (Mini Transporter),,,,False
697586ef20f6373f2302ff6f,Chikusui/Canycom,BFP703 (Mini Transporter),Chikusui/Canycom BFP703 (Mini Transporter),,,,False
697586ef20f6373f230309e5,Rocky Rapid,BFR 402,Rocky Rapid BFR 402,,,,False
697586ef20f6373f2302ff70,Chikusui/Canycom,BFS901G (Mini Transporter),Chikusui/Canycom BFS901G (Mini Transporter),,,,False
697586ef20f6373f2302ff71,Chikusui/Canycom,BFS901Q (Mini Transporter),Chikusui/Canycom BFS901Q (Mini Transporter),,,,False
697586ef20f6373f2302ff72,Chikusui/Canycom,BFX703(Mini Transporter),Chikusui/Canycom BFX703(Mini Transporter),,,,False
697586ef20f6373f2302ff73,Chikusui/Canycom,BFY901 (Mini Transporter),Chikusui/Canycom BFY901 (Mini Transporter),,,,False
697586ef20f6373f2302fc89,Almac,BIBI-1090EVO,Almac BIBI-1090EVO,,,,False
697586ef20f6373f2302fc8a,Almac,BIBI-1250CL,Almac BIBI-1250CL,,,,False
697586ef20f6373f2302fc8b,Almac,BIBI-1470HE,Almac BIBI-1470HE,,,,False
697586ef20f6373f2302fc8c,Almac,BIBI-850BL,Almac BIBI-850BL,,,,False
697586ef20f6373f2302fc8d,Almac,BIBI-850HE,Almac BIBI-850HE,,,,False
697586ef20f6373f2302fc8e,Almac,BIBI-870BL,Almac BIBI-870BL,,,,False
697586ef20f6373f2302fc8f,Almac,"BIEASY1,5","Almac BIEASY1,5",,,,False
697586ef20f6373f23030847,Morath,BR 1800,Morath BR 1800,,,,False
697586ef20f6373f2302ff36,Cameca,Baby,Cameca Baby,,,,False
697586ef20f6373f2302ff2a,CFC,BabyTapiro,CFC BabyTapiro,,,,False
697586ef20f6373f2302fcda,Babyack,Babyack 1,Babyack Babyack 1,,,,False
697586ef20f6373f2302fcdb,Babyack,Babyack 2,Babyack Babyack 2,,,,False
697586ef20f6373f2302ff95,Comeca,Bamby8,Comeca Bamby8,,,,False
697586ef20f6373f23030a62,Slane International,Big Dog SL 900,Slane International Big Dog SL 900,,,,False
697586ef20f6373f23030a63,Slane International,Big Skip HT750 (Mini-carrier),Slane International Big Skip HT750 (Mini-carrier),,,,False
697586ef20f6373f2302fdde,CARAVAGGI,Bio235,CARAVAGGI Bio235,,,,False
697586ef20f6373f2302fdc3,Boxer,Brute TRX,Boxer Brute TRX,,,,False
697586ef20f6373f23030086,Eurodig,C 15 (Minilift),Eurodig C 15 (Minilift),,,,False
697586ef20f6373f23030087,Eurodig,C 18 (Minilift),Eurodig C 18 (Minilift),,,,False
697586ef20f6373f2302ffb8,Cormidi,C10-80 ACW,Cormidi C10-80 ACW,,,,False
697586ef20f6373f2302ffb9,Cormidi,C100,Cormidi C100,,,,False
697586ef20f6373f230307f3,Menzi Muck,C14,Menzi Muck C14,,,,False
697586ef20f6373f2302ffba,Cormidi,C145,Cormidi C145,,,,False
697586ef20f6373f2302ff9b,Comoter,C15,Comoter C15,,,,False
697586ef20f6373f2302ffbb,Cormidi,C1500,Cormidi C1500,,,,False
697586ef20f6373f2302ff9c,Comoter,C18,Comoter C18,,,,False
697586ef20f6373f230307f4,Menzi Muck,C19,Menzi Muck C19,,,,False
697586ef20f6373f23030aec,TZ,C20,TZ C20,,,,False
697586ef20f6373f2302ffbc,Cormidi,C20.150 (Mini Transporter),Cormidi C20.150 (Mini Transporter),,,,False
697586ef20f6373f2302ff99,Commander,C4200,Commander C4200,,,,False
697586ef20f6373f2303014a,HOEFLON,C6 (Spider Crane),HOEFLON C6 (Spider Crane),,,,False
697586ef20f6373f230301a0,Hansa,C65RX,Hansa C65RX,,,,False
697586ef20f6373f2302fd0f,Bertani,C75,Bertani C75,,,,False
697586ef20f6373f2302ffbd,Cormidi,C85,Cormidi C85,,,,False
697586ef20f6373f23030a4f,Shin-Towa,CC 104,Shin-Towa CC 104,,,,False
697586ef20f6373f23030441,Imer,CC 1500,Imer CC 1500,,,,False
697586ef20f6373f23030a50,Shin-Towa,CC 154,Shin-Towa CC 154,,,,False
697586ef20f6373f23030a51,Shin-Towa,CC 204,Shin-Towa CC 204,,,,False
697586ef20f6373f23030a52,Shin-Towa,CC 205,Shin-Towa CC 205,,,,False
697586ef20f6373f23030a53,Shin-Towa,CC 235,Shin-Towa CC 235,,,,False
697586ef20f6373f23030a54,Shin-Towa,CC 265,Shin-Towa CC 265,,,,False
697586ef20f6373f23030a55,Shin-Towa,CC 266,Shin-Towa CC 266,,,,False
697586ef20f6373f23030a56,Shin-Towa,CC 285,Shin-Towa CC 285,,,,False
697586ef20f6373f23030442,Imer,CC 450,Imer CC 450,,,,False
697586ef20f6373f23030443,Imer,CC 600,Imer CC 600,,,,False
697586ef20f6373f23030444,Imer,CC 800,Imer CC 800,,,,False
697586ef20f6373f23030a64,Smac,CC 91 (Aerial work platform),Smac CC 91 (Aerial work platform),,,,False
697586ef20f6373f2302ff74,Chikusui/Canycom,CC1000 (Mini Transporter),Chikusui/Canycom CC1000 (Mini Transporter),,,,False
697586ef20f6373f2302ff75,Chikusui/Canycom,CC1300 (Mini Transporter),Chikusui/Canycom CC1300 (Mini Transporter),,,,False
697586ef20f6373f2302ff76,Chikusui/Canycom,CC1500 (Mini Transporter),Chikusui/Canycom CC1500 (Mini Transporter),,,,False
697586ef20f6373f2302ff77,Chikusui/Canycom,CC300 (Mini Transporter),Chikusui/Canycom CC300 (Mini Transporter),,,,False
697586ef20f6373f2302ff78,Chikusui/Canycom,CC316 (Mini Transporter),Chikusui/Canycom CC316 (Mini Transporter),,,,False
697586ef20f6373f2302ff79,Chikusui/Canycom,CC350 (Mini Transporter),Chikusui/Canycom CC350 (Mini Transporter),,,,False
697586ef20f6373f2302ff7a,Chikusui/Canycom,CC450 (Mini Transporter),Chikusui/Canycom CC450 (Mini Transporter),,,,False
697586ef20f6373f2302ff7b,Chikusui/Canycom,CC500 (Mini Transporter),Chikusui/Canycom CC500 (Mini Transporter),,,,False
697586ef20f6373f2302ff7c,Chikusui/Canycom,CC600 (Mini Transporter),Chikusui/Canycom CC600 (Mini Transporter),,,,False
697586ef20f6373f2302ff7d,Chikusui/Canycom,CC700 (Mini Transporter),Chikusui/Canycom CC700 (Mini Transporter),,,,False
697586ef20f6373f2302ff7e,Chikusui/Canycom,CC800 (Mini Transporter),Chikusui/Canycom CC800 (Mini Transporter),,,,False
697586ef20f6373f2303003f,Ecofore,CE 302G,Ecofore CE 302G,,,,False
697586ef20f6373f23030040,Ecofore,CE 403G,Ecofore CE 403G,,,,False
697586ef20f6373f230309af,Platinum Lift,CF 125 (Rotary),Platinum Lift CF 125 (Rotary),,,,False
697586ef20f6373f230307fd,Messersi,CH1,Messersi CH1,,,,False
697586ef20f6373f230307fe,Messersi,CH2,Messersi CH2,,,,False
697586ef20f6373f230307ff,Messersi,CH2/N13D,Messersi CH2/N13D,,,,False
697586ef20f6373f23030800,Messersi,CH2/R13,Messersi CH2/R13,,,,False
697586ef20f6373f23030801,Messersi,CH2R Carrier,Messersi CH2R Carrier,,,,False
697586ef20f6373f23030802,Messersi,CH2R Mixer,Messersi CH2R Mixer,,,,False
697586ef20f6373f23030803,Messersi,CH3,Messersi CH3,,,,False
697586ef20f6373f23030b87,Terra Jet,CITY JET (drilling machine),Terra Jet CITY JET (drilling machine),,,,False
697586ef20f6373f23030a57,Shin-Towa,CL 100,Shin-Towa CL 100,,,,False
697586ef20f6373f23030804,Messersi,CM 1,Messersi CM 1,,,,False
697586ef20f6373f23030aeb,TRS,CM 500,TRS CM 500,,,,False
697586ef20f6373f230301a3,Hematec,CTE CS 135 (Crane),Hematec CTE CS 135 (Crane),,,,False
697586ef20f6373f230301a4,Hematec,CTE CS 170 (Sky Lifter),Hematec CTE CS 170 (Sky Lifter),,,,False
697586ef20f6373f2303014c,Haihong,CTX8008,Haihong CTX8008,,,,False
697586ef20f6373f2302ff90,Coltrax,CX60,Coltrax CX60,,,,False
697586ef20f6373f2302ff91,Coltrax,CX85S,Coltrax CX85S,,,,False
697586ef20f6373f2302ff46,Cams Libra,CZ25,Cams Libra CZ25,,,,False
697586ef20f6373f2302ff47,Cams Libra,CZ30,Cams Libra CZ30,,,,False
697586ef20f6373f2302ff48,Cams Libra,CZ37,Cams Libra CZ37,,,,False
697586ef20f6373f2302ff49,Cams Libra,CZ50,Cams Libra CZ50,,,,False
697586ef20f6373f2302ff4a,Cams Libra,CZ54,Cams Libra CZ54,,,,False
697586ef20f6373f2302ff4b,Cams Libra,CZ55,Cams Libra CZ55,,,,False
697586ef20f6373f230309b1,Porrello,Car 100 (transporter),Porrello Car 100 (transporter),,,,False
697586ef20f6373f230309b0,Porello,Car 70 (transporter),Porello Car 70 (transporter),,,,False
697586ef20f6373f23030044,Erreppi,Carry500,Erreppi Carry500,,,,False
697586ef20f6373f23030048,EuroTrac,Comet MT13,EuroTrac Comet MT13,,,,False
697586ef20f6373f23030049,EuroTrac,Comet MT13BB,EuroTrac Comet MT13BB,,,,False
697586ef20f6373f2302fd11,Betram,Crawler Crane,Betram Crawler Crane,,,,False
697586ef20f6373f230307bc,MBU,D 400,MBU D 400,,,,False
697586ef20f6373f23030329,Huki,D 50,Huki D 50,,,,False
697586ef20f6373f230307bd,MBU,D 500,MBU D 500,,,,False
697586ef20f6373f23030022,Dumec,D 800,Dumec D 800,,,,False
697586ef20f6373f23030023,Dumec,D 800B,Dumec D 800B,,,,False
697586ef20f6373f23030024,Dumec,D 800F,Dumec D 800F,,,,False
697586ef20f6373f23030025,Dumec,D 800P,Dumec D 800P,,,,False
697586ef20f6373f2302ff7f,Chikusui/Canycom,D50,Chikusui/Canycom D50,,,,False
697586ef20f6373f230308b0,Navigator,D7x11a,Navigator D7x11a,,,,False
697586ef20f6373f2302ffdd,Dimex,DBM0511,Dimex DBM0511,,,,False
697586ef20f6373f23030b58,Tanaka,DC 153 (mini-carrier),Tanaka DC 153 (mini-carrier),,,,False
697586ef20f6373f2302fc93,American Direction Drill,DD10,American Direction Drill DD10,,,,False
697586ef20f6373f2302fc94,American Direction Drill,DD2,American Direction Drill DD2,,,,False
697586ef20f6373f2302fc95,American Direction Drill,DD3,American Direction Drill DD3,,,,False
697586ef20f6373f2302fc96,American Direction Drill,DD4,American Direction Drill DD4,,,,False
697586ef20f6373f2302fc97,American Direction Drill,DD6,American Direction Drill DD6,,,,False
697586ef20f6373f2302fc98,American Direction Drill,DD8,American Direction Drill DD8,,,,False
697586ef20f6373f2302ff80,Chikusui/Canycom,DF 407,Chikusui/Canycom DF 407,,,,False
697586ef20f6373f2302ffbe,DLGZ,DL15-9,DLGZ DL15-9,,,,False
697586ef20f6373f2302fc17,Agri,DM10,Agri DM10,,,,False
697586ef20f6373f2303000d,Dodich,DM2.1,Dodich DM2.1,,,,False
697586ef20f6373f23030115,Gehlmax,DR 600,Gehlmax DR 600,,,,False
697586ef20f6373f23030a21,Schaefer,DS 1200 (Mini-dumper),Schaefer DS 1200 (Mini-dumper),,,,False
697586ef20f6373f2303032a,Husqvarna,DXR 140,Husqvarna DXR 140,,,,False
697586ef20f6373f2303032b,Husqvarna,DXR 270,Husqvarna DXR 270,,,,False
697586ef20f6373f2303032c,Husqvarna,DXR 300,Husqvarna DXR 300,,,,False
697586ef20f6373f2303032d,Husqvarna,DXR 310,Husqvarna DXR 310,,,,False
697586ef20f6373f2303032e,Husqvarna,DXR250,Husqvarna DXR250,,,,False
697586ef20f6373f2302fcd8,BOART LONGYEAR,DeltaBase 420,BOART LONGYEAR DeltaBase 420,,,,False
697586ef20f6373f2302fcd9,BOART LONGYEAR,DeltaBase 430,BOART LONGYEAR DeltaBase 430,,,,False
697586ef20f6373f230309e9,Rotomax,Drilling machine,Rotomax Drilling machine,,,,False
697586ef20f6373f2302fd0e,Bergmann,Dumper,Bergmann Dumper,,,,False
697586ef20f6373f2303099d,Piccini,Dumper,Piccini Dumper,,,,False
697586ef20f6373f230309ff,Sandqueen Uk,Dumper,Sandqueen Uk Dumper,,,,False
697586ef20f6373f23030ba6,Trackbull,Dumper,Trackbull Dumper,,,,False
697586ef20f6373f2302fcd5,Avant Tecno,Dumper 1200,Avant Tecno Dumper 1200,,,,False
697586ef20f6373f2302fcd6,Avant Tecno,Dumper 1500,Avant Tecno Dumper 1500,,,,False
697586ef20f6373f23030140,Grillo,Dumper 350 Basic,Grillo Dumper 350 Basic,,,,False
697586ef20f6373f23030141,Grillo,Dumper 350 HD,Grillo Dumper 350 HD,,,,False
697586ef20f6373f23030142,Grillo,Dumper 507,Grillo Dumper 507,,,,False
697586ef20f6373f23030088,Eurodig,Dumpy 300,Eurodig Dumpy 300,,,,False
697586ef20f6373f23030089,Eurodig,Dumpy 300M,Eurodig Dumpy 300M,,,,False
697586ef20f6373f2303008a,Eurodig,Dumpy 500(Type 1),Eurodig Dumpy 500(Type 1),,,,False
697586ef20f6373f2303008b,Eurodig,Dumpy 500(Type 2),Eurodig Dumpy 500(Type 2),,,,False
697586ef20f6373f2303008c,Eurodig,Dumpy 800(Type 1),Eurodig Dumpy 800(Type 1),,,,False
697586ef20f6373f2303008d,Eurodig,Dumpy 800(Type 2),Eurodig Dumpy 800(Type 2),,,,False
697586ef20f6373f2303008e,Eurodig,Dumpy 800(Type 3),Eurodig Dumpy 800(Type 3),,,,False
697586ef20f6373f230300d1,Fiori,Dumpy Proffesional,Fiori Dumpy Proffesional,,,,False
697586ef20f6373f23030058,EurocoMach,E 1300 (01208 &gt; SN &gt; 01201),EurocoMach E 1300 (01208 &gt; SN &gt; 01201),,,,False
697586ef20f6373f23030059,EurocoMach,E 1300 (SN &gt; 01208 & SN &lt; 01201),EurocoMach E 1300 (SN &gt; 01208 & SN &lt; 01201),,,,False
697586ef20f6373f2303005a,EurocoMach,E 1500 (OLD),EurocoMach E 1500 (OLD),,,,False
697586ef20f6373f2303005b,EurocoMach,E 1500S,EurocoMach E 1500S,,,,False
697586ef20f6373f2303005c,EurocoMach,E 1500Sb,EurocoMach E 1500Sb,,,,False
697586ef20f6373f2303005d,EurocoMach,E 4000,EurocoMach E 4000,,,,False
697586ef20f6373f2303005e,EurocoMach,E 800,EurocoMach E 800,,,,False
697586ef20f6373f2303005f,EurocoMach,E1200,EurocoMach E1200,,,,False
697586ef20f6373f23030df7,Zavattini,E19P/9SC,Zavattini E19P/9SC,,,,False
697586ef20f6373f23030043,Enteco,E4,Enteco E4,,,,False
697586ef20f6373f23030060,EurocoMach,EB 09.5 Dumper,EurocoMach EB 09.5 Dumper,,,,False
697586ef20f6373f2303095d,Peljob,EB 10,Peljob EB 10,,,,False
697586ef20f6373f2303095e,Peljob,EB 10.4,Peljob EB 10.4,,,,False
697586ef20f6373f2303095f,Peljob,EB 11 (New) [OEM 250x72x47],Peljob EB 11 (New) [OEM 250x72x47],,,,False
697586ef20f6373f23030960,Peljob,EB 11 (Old) [OEM 230x72x43],Peljob EB 11 (Old) [OEM 230x72x43],,,,False
697586ef20f6373f23030961,Peljob,EB 12,Peljob EB 12,,,,False
697586ef20f6373f23030962,Peljob,EB 12.4,Peljob EB 12.4,,,,False
697586ef20f6373f23030963,Peljob,EB 14 (New) [OEM 250x72x45],Peljob EB 14 (New) [OEM 250x72x45],,,,False
697586ef20f6373f23030964,Peljob,EB 14 (Old) [OEM 230x72x43],Peljob EB 14 (Old) [OEM 230x72x43],,,,False
697586ef20f6373f23030965,Peljob,EB 14.2,Peljob EB 14.2,,,,False
697586ef20f6373f23030966,Peljob,EB 14.4 (New) [OEM 250x72x45],Peljob EB 14.4 (New) [OEM 250x72x45],,,,False
697586ef20f6373f23030967,Peljob,EB 14.4 (Old) [OEM 230x72x43],Peljob EB 14.4 (Old) [OEM 230x72x43],,,,False
697586ef20f6373f23030968,Peljob,EB 150,Peljob EB 150,,,,False
697586ef20f6373f23030969,Peljob,EB 150XR [OEM 230x72x43],Peljob EB 150XR [OEM 230x72x43],,,,False
697586ef20f6373f2303096a,Peljob,EB 150XR [OEM 230x96x33],Peljob EB 150XR [OEM 230x96x33],,,,False
697586ef20f6373f2303096b,Peljob,EB 150XT,Peljob EB 150XT,,,,False
697586ef20f6373f2303096c,Peljob,EB 150XTV,Peljob EB 150XTV,,,,False
697586ef20f6373f2303096d,Peljob,EB 16,Peljob EB 16,,,,False
697586ef20f6373f2303096e,Peljob,EB 16.4 (New),Peljob EB 16.4 (New),,,,False
697586ef20f6373f2303096f,Peljob,EB 16.4 (Old),Peljob EB 16.4 (Old),,,,False
697586ef20f6373f23030970,Peljob,EB 16.5,Peljob EB 16.5,,,,False
697586ef20f6373f23030971,Peljob,EB 22.4 (S/N < 16700),Peljob EB 22.4 (S/N < 16700),,,,False
697586ef20f6373f23030972,Peljob,EB 22.4 (S/N > 16699),Peljob EB 22.4 (S/N > 16699),,,,False
697586ef20f6373f23030973,Peljob,EB 246,Peljob EB 246,,,,False
697586ef20f6373f23030974,Peljob,EB 25.4,Peljob EB 25.4,,,,False
697586ef20f6373f23030975,Peljob,EB 250,Peljob EB 250,,,,False
697586ef20f6373f23030976,Peljob,EB 250XT,Peljob EB 250XT,,,,False
697586ef20f6373f23030977,Peljob,EB 251,Peljob EB 251,,,,False
697586ef20f6373f23030978,Peljob,EB 252,Peljob EB 252,,,,False
697586ef20f6373f23030979,Peljob,EB 271 ('1998),Peljob EB 271 ('1998),,,,False
697586ef20f6373f2303097a,Peljob,EB 28,Peljob EB 28,,,,False
697586ef20f6373f2303097b,Peljob,EB 28.4,Peljob EB 28.4,,,,False
697586ef20f6373f2303097c,Peljob,EB 28.6,Peljob EB 28.6,,,,False
697586ef20f6373f2303097d,Peljob,EB 281,Peljob EB 281,,,,False
697586ef20f6373f2303097e,Peljob,EB 30.4,Peljob EB 30.4,,,,False
697586ef20f6373f2303097f,Peljob,EB 300,Peljob EB 300,,,,False
697586ef20f6373f23030980,Peljob,EB 306,Peljob EB 306,,,,False
697586ef20f6373f23030981,Peljob,EB 350,Peljob EB 350,,,,False
697586ef20f6373f23030982,Peljob,EB 350XT,Peljob EB 350XT,,,,False
697586ef20f6373f23030983,Peljob,EB 36 (new),Peljob EB 36 (new),,,,False
697586ef20f6373f23030984,Peljob,EB 36 (old),Peljob EB 36 (old),,,,False
697586ef20f6373f23030985,Peljob,EB 400,Peljob EB 400,,,,False
697586ef20f6373f23030986,Peljob,EB 406,Peljob EB 406,,,,False
697586ef20f6373f23030987,Peljob,EB 450,Peljob EB 450,,,,False
697586ef20f6373f23030988,Peljob,EB 506,Peljob EB 506,,,,False
697586ef20f6373f23030989,Peljob,EB 506 ('97),Peljob EB 506 ('97),,,,False
697586ef20f6373f2302fcde,Baraladi,EB40,Baraladi EB40,,,,False
697586ef20f6373f2302ff58,Celli,ECOSTAR-SC600,Celli ECOSTAR-SC600,,,,False
697586ef20f6373f23030bb0,Turchi,EK 100B (Mini-dumper),Turchi EK 100B (Mini-dumper),,,,False
697586ef20f6373f23030bb1,Turchi,EK 200P (Mini-dumper),Turchi EK 200P (Mini-dumper),,,,False
697586ef20f6373f2303003e,Eckart,EMB 450B,Eckart EMB 450B,,,,False
697586ef20f6373f23030061,EurocoMach,ES  150SR,EurocoMach ES  150SR,,,,False
697586ef20f6373f23030062,EurocoMach,ES 150,EurocoMach ES 150,,,,False
697586ef20f6373f23030063,EurocoMach,ES 150-1,EurocoMach ES 150-1,,,,False
697586ef20f6373f23030064,EurocoMach,ES 150-2,EurocoMach ES 150-2,,,,False
697586ef20f6373f23030065,EurocoMach,ES 150-3,EurocoMach ES 150-3,,,,False
697586ef20f6373f23030066,EurocoMach,ES 180,EurocoMach ES 180,,,,False
697586ef20f6373f23030067,EurocoMach,ES 180-1,EurocoMach ES 180-1,,,,False
697586ef20f6373f23030068,EurocoMach,ES 180-2,EurocoMach ES 180-2,,,,False
697586ef20f6373f23030069,EurocoMach,ES 180-3,EurocoMach ES 180-3,,,,False
697586ef20f6373f2303006a,EurocoMach,ES 180-4,EurocoMach ES 180-4,,,,False
697586ef20f6373f2303006b,EurocoMach,ES 180SR,EurocoMach ES 180SR,,,,False
697586ef20f6373f2303006c,EurocoMach,ES 180ZT,EurocoMach ES 180ZT,,,,False
697586ef20f6373f2303006d,EurocoMach,ES 18ZT,EurocoMach ES 18ZT,,,,False
697586ef20f6373f2303006e,EurocoMach,ES 25ZT,EurocoMach ES 25ZT,,,,False
697586ef20f6373f2303006f,EurocoMach,ES 300,EurocoMach ES 300,,,,False
697586ef20f6373f23030070,EurocoMach,ES 300 ZT,EurocoMach ES 300 ZT,,,,False
697586ef20f6373f23030071,EurocoMach,ES 35.2ZT,EurocoMach ES 35.2ZT,,,,False
697586ef20f6373f23030072,EurocoMach,ES 350ZT,EurocoMach ES 350ZT,,,,False
697586ef20f6373f23030073,EurocoMach,ES 40.2ZT,EurocoMach ES 40.2ZT,,,,False
697586ef20f6373f23030074,EurocoMach,ES 400,EurocoMach ES 400,,,,False
697586ef20f6373f23030075,EurocoMach,ES 400SR,EurocoMach ES 400SR,,,,False
697586ef20f6373f23030076,EurocoMach,ES 40ZT,EurocoMach ES 40ZT,,,,False
697586ef20f6373f23030077,EurocoMach,ES 500,EurocoMach ES 500,,,,False
697586ef20f6373f23030078,EurocoMach,ES 500ZT,EurocoMach ES 500ZT,,,,False
697586ef20f6373f23030079,EurocoMach,ES 57ZT,EurocoMach ES 57ZT,,,,False
697586ef20f6373f2303007a,EurocoMach,ES 60ZT,EurocoMach ES 60ZT,,,,False
697586ef20f6373f2303007b,EurocoMach,ES 65TR,EurocoMach ES 65TR,,,,False
697586ef20f6373f2303007c,EurocoMach,ES 80,EurocoMach ES 80,,,,False
697586ef20f6373f2303007d,EurocoMach,ES 800,EurocoMach ES 800,,,,False
697586ef20f6373f2303007e,EurocoMach,ES 800TR,EurocoMach ES 800TR,,,,False
697586ef20f6373f2303007f,EurocoMach,ES 85,EurocoMach ES 85,,,,False
697586ef20f6373f23030080,EurocoMach,ES 850ZT,EurocoMach ES 850ZT,,,,False
697586ef20f6373f23030081,EurocoMach,ES 90,EurocoMach ES 90,,,,False
697586ef20f6373f23030082,EurocoMach,ES 90UR,EurocoMach ES 90UR,,,,False
697586ef20f6373f23030083,EurocoMach,ES 90ZT,EurocoMach ES 90ZT,,,,False
697586ef20f6373f23030084,EurocoMach,ES 95TR,EurocoMach ES 95TR,,,,False
697586ef20f6373f2302ff1e,CEASER,ES150-3,CEASER ES150-3,,,,False
697586ef20f6373f2302ff1f,CEASER,ES180-3,CEASER ES180-3,,,,False
697586ef20f6373f2302ff20,CEASER,ES300,CEASER ES300,,,,False
697586ef20f6373f2302ff21,CEASER,ES400,CEASER ES400,,,,False
697586ef20f6373f2302ff22,CEASER,ES400ZT,CEASER ES400ZT,,,,False
697586ef20f6373f2302ff23,CEASER,ES500,CEASER ES500,,,,False
697586ef20f6373f2302ff24,CEASER,ES800,CEASER ES800,,,,False
697586ef20f6373f2302ff25,CEASER,ES800TR,CEASER ES800TR,,,,False
697586ef20f6373f23030336,Hydro Rain,EUROPA H20,Hydro Rain EUROPA H20,,,,False
697586ef20f6373f230309f1,SDP Manufacturing,EZ Hauler55M,SDP Manufacturing EZ Hauler55M,,,,False
697586ef20f6373f23030041,Electro Joe,Ecojolly,Electro Joe Ecojolly,,,,False
697586ef20f6373f230309fa,SUP,Elefant S19,SUP Elefant S19,,,,False
697586ef20f6373f23030bc5,VIMALFIRE,Emergency Robot-G1,VIMALFIRE Emergency Robot-G1,,,,False
697586ef20f6373f23030085,EurocoMach,Es 10ZT,EurocoMach Es 10ZT,,,,False
697586ef20f6373f230300d2,Fiori,Eurodig 1000,Fiori Eurodig 1000,,,,False
697586ef20f6373f23030a66,So.Ca.Ce,Europlanet 190 C 080 SC (Crane),So.Ca.Ce Europlanet 190 C 080 SC (Crane),,,,False
697586ef20f6373f2302fcdf,Baraladi,FB1.02,Baraladi FB1.02,,,,False
697586ef20f6373f2302fce0,Baraladi,FB1.2,Baraladi FB1.2,,,,False
697586ef20f6373f2302fce1,Baraladi,FB102,Baraladi FB102,,,,False
697586ef20f6373f2302fce2,Baraladi,FB102B,Baraladi FB102B,,,,False
697586ef20f6373f2302fce3,Baraladi,FB102EB,Baraladi FB102EB,,,,False
697586ef20f6373f2302fce4,Baraladi,FB203,Baraladi FB203,,,,False
697586ef20f6373f230300c1,Fiat-Hitachi,FH 15,Fiat-Hitachi FH 15,,,,False
697586ef20f6373f230300c2,Fiat-Hitachi,FH 15.2,Fiat-Hitachi FH 15.2,,,,False
697586ef20f6373f230300c3,Fiat-Hitachi,FH 15.2 Plus,Fiat-Hitachi FH 15.2 Plus,,,,False
697586ef20f6373f230300c4,Fiat-Hitachi,FH 16.2,Fiat-Hitachi FH 16.2,,,,False
697586ef20f6373f230300c5,Fiat-Hitachi,FH 17.2,Fiat-Hitachi FH 17.2,,,,False
697586ef20f6373f230300c6,Fiat-Hitachi,FH 17.2 Plus,Fiat-Hitachi FH 17.2 Plus,,,,False
697586ef20f6373f230300c7,Fiat-Hitachi,FH 17.2-B,Fiat-Hitachi FH 17.2-B,,,,False
697586ef20f6373f230300c8,Fiat-Hitachi,FH 22,Fiat-Hitachi FH 22,,,,False
697586ef20f6373f230300c9,Fiat-Hitachi,FH 22.2,Fiat-Hitachi FH 22.2,,,,False
697586ef20f6373f230300ca,Fiat-Hitachi,FH 30.2,Fiat-Hitachi FH 30.2,,,,False
697586ef20f6373f230300cb,Fiat-Hitachi,FH 30.2 Plus,Fiat-Hitachi FH 30.2 Plus,,,,False
697586ef20f6373f230300cc,Fiat-Hitachi,FH 35.2,Fiat-Hitachi FH 35.2,,,,False
697586ef20f6373f230300cd,Fiat-Hitachi,FH 35.2 Plus,Fiat-Hitachi FH 35.2 Plus,,,,False
697586ef20f6373f230300ce,Fiat-Hitachi,FH 40.2,Fiat-Hitachi FH 40.2,,,,False
697586ef20f6373f230300cf,Fiat-Hitachi,FH 40.2 Plus,Fiat-Hitachi FH 40.2 Plus,,,,False
697586ef20f6373f230300d7,Foredil,FM 16,Foredil FM 16,,,,False
697586ef20f6373f230300d8,Foredil,FM 18V,Foredil FM 18V,,,,False
697586ef20f6373f230300d9,Foredil,FM 19RSV,Foredil FM 19RSV,,,,False
697586ef20f6373f230300da,Foredil,FM 19VR,Foredil FM 19VR,,,,False
697586ef20f6373f230300db,Foredil,FM 24,Foredil FM 24,,,,False
697586ef20f6373f230300dc,Foredil,FM 29,Foredil FM 29,,,,False
697586ef20f6373f230300dd,Foredil,FM 34,Foredil FM 34,,,,False
697586ef20f6373f230300de,Foredil,FM 54,Foredil FM 54,,,,False
697586ef20f6373f23030a6d,Stenuick,FORTRACK 200H,Stenuick FORTRACK 200H,,,,False
697586ef20f6373f2302fc18,Aichi,FR300 (Crane),Aichi FR300 (Crane),,,,False
697586ef20f6373f2302fbef,A.X.I.,FR300AA (Crane),A.X.I. FR300AA (Crane),,,,False
697586ef20f6373f230300b1,Falcon Spider,FS290C,Falcon Spider FS290C,,,,False
697586ef20f6373f2302fc91,Alpina,FS420C,Alpina FS420C,,,,False
697586ef20f6373f2303000e,Domine,FUTURO (Drilling Machine),Domine FUTURO (Drilling Machine),,,,False
697586ef20f6373f23030954,Pazzaglia,FZ 100 (Tree remover),Pazzaglia FZ 100 (Tree remover),,,,False
697586ef20f6373f23030955,Pazzaglia,FZ 110 (Tree remover),Pazzaglia FZ 110 (Tree remover),,,,False
697586ef20f6373f23030956,Pazzaglia,FZ 110 Turbo plus (Tree remover),Pazzaglia FZ 110 Turbo plus (Tree remover),,,,False
697586ef20f6373f23030957,Pazzaglia,FZ 120 (Tree remover),Pazzaglia FZ 120 (Tree remover),,,,False
697586ef20f6373f23030958,Pazzaglia,FZ 150 (Tree remover),Pazzaglia FZ 150 (Tree remover),,,,False
697586ef20f6373f23030959,Pazzaglia,FZ 160 (Tree remover),Pazzaglia FZ 160 (Tree remover),,,,False
697586ef20f6373f2303095a,Pazzaglia,FZ 50 (Tree remover),Pazzaglia FZ 50 (Tree remover),,,,False
697586ef20f6373f2303095b,Pazzaglia,FZ 80 (Tree remover),Pazzaglia FZ 80 (Tree remover),,,,False
697586ef20f6373f2303095c,Pazzaglia,FZ 90 (Tree remover),Pazzaglia FZ 90 (Tree remover),,,,False
697586ef20f6373f230300df,Forti,Forti,Forti Forti,,,,False
697586ef20f6373f2303008f,Eurodig,G 500,Eurodig G 500,,,,False
697586ef20f6373f2303082a,Minidig,G 500,Minidig G 500,,,,False
697586ef20f6373f23030133,Gelai & Castegnaro,G&C,Gelai & Castegnaro G&C,,,,False
697586ef20f6373f2302ff81,Chikusui/Canycom,GC 403 (Mini Transporter),Chikusui/Canycom GC 403 (Mini Transporter),,,,False
697586ef20f6373f2302ff82,Chikusui/Canycom,GC 41 (Mini Transporter),Chikusui/Canycom GC 41 (Mini Transporter),,,,False
697586ef20f6373f2302ff83,Chikusui/Canycom,GC 42 (Mini Transporter),Chikusui/Canycom GC 42 (Mini Transporter),,,,False
697586ef20f6373f2302ff84,Chikusui/Canycom,GC 50 (Mini Transporter),Chikusui/Canycom GC 50 (Mini Transporter),,,,False
697586ef20f6373f2302ff85,Chikusui/Canycom,GC 640 (Mini Transporter),Chikusui/Canycom GC 640 (Mini Transporter),,,,False
697586ef20f6373f2302ff93,Comacchio,GEO205 (Drilling Machine),Comacchio GEO205 (Drilling Machine),,,,False
697586ef20f6373f23030099,Eurofor,GEO205 (Drilling Machine),Eurofor GEO205 (Drilling Machine),,,,False
697586ef20f6373f2302ff94,Comacchio,GEO305 (Drilling Machine),Comacchio GEO305 (Drilling Machine),,,,False
697586ef20f6373f2302ff86,Chikusui/Canycom,GG 403(Mini Transporter),Chikusui/Canycom GG 403(Mini Transporter),,,,False
697586ef20f6373f23030090,Eurodig,GR 1000,Eurodig GR 1000,,,,False
697586ef20f6373f230300d3,Fiori,GR 1000,Fiori GR 1000,,,,False
697586ef20f6373f23030091,Eurodig,GR 500,Eurodig GR 500,,,,False
697586ef20f6373f230300d4,Fiori,GR 500,Fiori GR 500,,,,False
697586ef20f6373f23030092,Eurodig,GR 500D,Eurodig GR 500D,,,,False
697586ef20f6373f23030093,Eurodig,GR 700,Eurodig GR 700,,,,False
697586ef20f6373f230300d5,Fiori,GR 700,Fiori GR 700,,,,False
697586ef20f6373f23030094,Eurodig,GR 700A,Eurodig GR 700A,,,,False
697586ef20f6373f2303082b,Minidig,GR 700A,Minidig GR 700A,,,,False
697586ef20f6373f23030095,Eurodig,GR 700A3,Eurodig GR 700A3,,,,False
697586ef20f6373f23030096,Eurodig,GR 700D,Eurodig GR 700D,,,,False
697586ef20f6373f23030097,Eurodig,GR 900,Eurodig GR 900,,,,False
697586ef20f6373f2303082c,Minidig,GR 900,Minidig GR 900,,,,False
697586ef20f6373f2302fcff,Beretta,GT15,Beretta GT15,,,,False
697586ef20f6373f2302fd00,Beretta,GT52,Beretta GT52,,,,False
697586ef20f6373f230309c1,QIYUN,GTJZ06,QIYUN GTJZ06,,,,False
697586ef20f6373f23030116,Gehlmax,GX 10,Gehlmax GX 10,,,,False
697586ef20f6373f23030117,Gehlmax,GX 35,Gehlmax GX 35,,,,False
697586ef20f6373f2302fce5,Baraladi,Granello,Baraladi Granello,,,,False
697586ef20f6373f23030334,Hydramac,H 15,Hydramac H 15,,,,False
697586ef20f6373f23030a22,Schaeff,H 15,Schaeff H 15,,,,False
697586ef20f6373f23030335,Hydramac,H 20,Hydramac H 20,,,,False
697586ef20f6373f23030a23,Schaeff,H 24,Schaeff H 24,,,,False
697586ef20f6373f23030a24,Schaeff,H 27,Schaeff H 27,,,,False
697586ef20f6373f23030b9c,Top Steel,H115,Top Steel H115,,,,False
697586ef20f6373f2302ff9a,Commander,H15,Commander H15,,,,False
697586ef20f6373f23030b9d,Top Steel,H85,Top Steel H85,,,,False
697586ef20f6373f2303032f,Hutte,HBR 202TF,Hutte HBR 202TF,,,,False
697586ef20f6373f2302fca1,Antec,HCC1051D,Antec HCC1051D,,,,False
697586ef20f6373f230304f5,Kato,HD 09VX3,Kato HD 09VX3,,,,False
697586ef20f6373f230304f6,Kato,HD 140,Kato HD 140,,,,False
697586ef20f6373f23030833,Mira,HD 190-1,Mira HD 190-1,,,,False
697586ef20f6373f230304f7,Kato,HD 205UR,Kato HD 205UR,,,,False
697586ef20f6373f230304f8,Kato,HD 250UR,Kato HD 250UR,,,,False
697586ef20f6373f230304f9,Kato,HD 307('2001),Kato HD 307('2001),,,,False
697586ef20f6373f230304fa,Kato,HD 308,Kato HD 308,,,,False
697586ef20f6373f230304fb,Kato,HD 50UR,Kato HD 50UR,,,,False
697586ef20f6373f230304fc,Kato,HD 510,Kato HD 510,,,,False
697586ef20f6373f230304fd,Kato,HD 55UR,Kato HD 55UR,,,,False
697586ef20f6373f230304ff,Kato-Imer,HD27V4,Kato-Imer HD27V4,,,,False
697586ef20f6373f23030500,Kato-Imer,HD27V5,Kato-Imer HD27V5,,,,False
697586ef20f6373f23030501,Kato-Imer,HD30V5,Kato-Imer HD30V5,,,,False
697586ef20f6373f23030502,Kato-Imer,HD35,Kato-Imer HD35,,,,False
697586ef20f6373f23030503,Kato-Imer,HD45V5,Kato-Imer HD45V5,,,,False
697586ef20f6373f23030434,Imef,HE 1.15,Imef HE 1.15,,,,False
697586ef20f6373f23030435,Imef,HE 12,Imef HE 12,,,,False
697586ef20f6373f23030436,Imef,HE 14,Imef HE 14,,,,False
697586ef20f6373f23030437,Imef,HE 14S,Imef HE 14S,,,,False
697586ef20f6373f23030438,Imef,HE 16,Imef HE 16,,,,False
697586ef20f6373f23030439,Imef,HE 16S,Imef HE 16S,,,,False
697586ef20f6373f2303043a,Imef,HE 18,Imef HE 18,,,,False
697586ef20f6373f2303043b,Imef,HE 185,Imef HE 185,,,,False
697586ef20f6373f2303043c,Imef,HE 18S,Imef HE 18S,,,,False
697586ef20f6373f2303043d,Imef,HE 230,Imef HE 230,,,,False
697586ef20f6373f2303043e,Imef,HE 31,Imef HE 31,,,,False
697586ef20f6373f2303043f,Imef,HE 32,Imef HE 32,,,,False
697586ef20f6373f23030300,Hokuetsu,HM 07S,Hokuetsu HM 07S,,,,False
697586ef20f6373f23030301,Hokuetsu,HM 10,Hokuetsu HM 10,,,,False
697586ef20f6373f23030302,Hokuetsu,HM 10G,Hokuetsu HM 10G,,,,False
697586ef20f6373f23030303,Hokuetsu,HM 10SG,Hokuetsu HM 10SG,,,,False
697586ef20f6373f23030304,Hokuetsu,HM 15,Hokuetsu HM 15,,,,False
697586ef20f6373f23030305,Hokuetsu,HM 15S,Hokuetsu HM 15S,,,,False
697586ef20f6373f23030308,Holmac,HM 200,Holmac HM 200,,,,False
697586ef20f6373f23030306,Hokuetsu,HM 30SZG,Hokuetsu HM 30SZG,,,,False
697586ef20f6373f23030307,Hokuetsu,HM 45,Hokuetsu HM 45,,,,False
697586ef20f6373f23030317,Honda,HP 250 (carrier) [OEM 180x60x30],Honda HP 250 (carrier) [OEM 180x60x30],,,,False
697586ef20f6373f23030318,Honda,HP 350 (carrier) [OEM 180x60x34],Honda HP 350 (carrier) [OEM 180x60x34],,,,False
697586ef20f6373f23030319,Honda,HP 400 (carrier) [OEM 180x60x37],Honda HP 400 (carrier) [OEM 180x60x37],,,,False
697586ef20f6373f2303031a,Honda,HP 500 (carrier) [OEM 180x60x37],Honda HP 500 (carrier) [OEM 180x60x37],,,,False
697586ef20f6373f2303031b,Honda,HP 510 (carrier),Honda HP 510 (carrier),,,,False
697586ef20f6373f2303031c,Honda,HP 515 (carrier),Honda HP 515 (carrier),,,,False
697586ef20f6373f2303031d,Honda,HP 516 (carrier),Honda HP 516 (carrier),,,,False
697586ef20f6373f2303031e,Honda,HP 800A (mini dumper),Honda HP 800A (mini dumper),,,,False
697586ef20f6373f23030a25,Schaeff,HR 02,Schaeff HR 02,,,,False
697586ef20f6373f23030a26,Schaeff,HR 1,Schaeff HR 1,,,,False
697586ef20f6373f23030a27,Schaeff,HR 1.5,Schaeff HR 1.5,,,,False
697586ef20f6373f23030a28,Schaeff,HR 1.6,Schaeff HR 1.6,,,,False
697586ef20f6373f23030a29,Schaeff,HR 11,Schaeff HR 11,,,,False
697586ef20f6373f23030a2a,Schaeff,HR 12 (New),Schaeff HR 12 (New),,,,False
697586ef20f6373f23030a2b,Schaeff,HR 12 (old),Schaeff HR 12 (old),,,,False
697586ef20f6373f23030a2c,Schaeff,HR 13 ('2001),Schaeff HR 13 ('2001),,,,False
697586ef20f6373f23030a2d,Schaeff,HR 14,Schaeff HR 14,,,,False
697586ef20f6373f23030a2e,Schaeff,HR 14 (< '1995),Schaeff HR 14 (< '1995),,,,False
697586ef20f6373f23030a2f,Schaeff,HR 14 (> '1995),Schaeff HR 14 (> '1995),,,,False
697586ef20f6373f230309bf,Pressoil,HR 15.1,Pressoil HR 15.1,,,,False
697586ef20f6373f23030a30,Schaeff,HR 16 (< '1995),Schaeff HR 16 (< '1995),,,,False
697586ef20f6373f23030a31,Schaeff,HR 16 (> '1995),Schaeff HR 16 (> '1995),,,,False
697586ef20f6373f23030a32,Schaeff,HR 18,Schaeff HR 18,,,,False
697586ef20f6373f23030a33,Schaeff,HR 2 (New),Schaeff HR 2 (New),,,,False
697586ef20f6373f23030a34,Schaeff,HR 2 (old),Schaeff HR 2 (old),,,,False
697586ef20f6373f23030a35,Schaeff,HR 2.0,Schaeff HR 2.0,,,,False
697586ef20f6373f23030a36,Schaeff,HR 20,Schaeff HR 20,,,,False
697586ef20f6373f23030a37,Schaeff,HR 21,Schaeff HR 21,,,,False
697586ef20f6373f23030a38,Schaeff,HR 22,Schaeff HR 22,,,,False
697586ef20f6373f23030a39,Schaeff,HR 24,Schaeff HR 24,,,,False
697586ef20f6373f23030a3a,Schaeff,HR 27,Schaeff HR 27,,,,False
697586ef20f6373f23030a3b,Schaeff,HR 3.7 (new),Schaeff HR 3.7 (new),,,,False
697586ef20f6373f23030a3c,Schaeff,HR 3.7 (old),Schaeff HR 3.7 (old),,,,False
697586ef20f6373f23030a3d,Schaeff,HR 31,Schaeff HR 31,,,,False
697586ef20f6373f23030a3e,Schaeff,HR 32,Schaeff HR 32,,,,False
697586ef20f6373f23030a3f,Schaeff,HR 32CI,Schaeff HR 32CI,,,,False
697586ef20f6373f23030a40,Schaeff,HR 4-A,Schaeff HR 4-A,,,,False
697586ef20f6373f23030a41,Schaeff,HR 42,Schaeff HR 42,,,,False
697586ef20f6373f23030a42,Schaeff,HR 8 (New),Schaeff HR 8 (New),,,,False
697586ef20f6373f23030a43,Schaeff,HR 8-A,Schaeff HR 8-A,,,,False
697586ef20f6373f230300e4,Gayk,HRE1000,Gayk HRE1000,,,,False
697586ef20f6373f230300e5,Gayk,HRE3000,Gayk HRE3000,,,,False
697586ef20f6373f23030910,Niko,HRS 70,Niko HRS 70,,,,False
697586ef20f6373f230309ba,Powerfab,HSS 11,Powerfab HSS 11,,,,False
697586ef20f6373f23030440,Imef,HT 6.01 (Carrier),Imef HT 6.01 (Carrier),,,,False
697586ef20f6373f23030a61,Slane,HT1000,Slane HT1000,,,,False
697586ef20f6373f230301a5,Hengte,HT20,Hengte HT20,,,,False
697586ef20f6373f2302fc13,Aces,HTC500 (Dumper),Aces HTC500 (Dumper),,,,False
697586ef20f6373f2302ff87,Chikusui/Canycom,HUKI 130 (Mini Transporter),Chikusui/Canycom HUKI 130 (Mini Transporter),,,,False
697586ef20f6373f2302ff88,Chikusui/Canycom,HUKI 150 (Mini Transporter),Chikusui/Canycom HUKI 150 (Mini Transporter),,,,False
697586ef20f6373f23030911,Niko,HY 13/11,Niko HY 13/11,,,,False
697586ef20f6373f23030912,Niko,HY 20/11 70cm,Niko HY 20/11 70cm,,,,False
697586ef20f6373f23030913,Niko,HY 20/11 70cm SOM,Niko HY 20/11 70cm SOM,,,,False
697586ef20f6373f23030914,Niko,HY 27/16,Niko HY 27/16,,,,False
697586ef20f6373f23030915,Niko,HY 27/16 85cm,Niko HY 27/16 85cm,,,,False
697586ef20f6373f23030916,Niko,HY 30/16,Niko HY 30/16,,,,False
697586ef20f6373f23030917,Niko,HY 38/16 70cm Poclain,Niko HY 38/16 70cm Poclain,,,,False
697586ef20f6373f23030918,Niko,HY 38/16 90cm,Niko HY 38/16 90cm,,,,False
697586ef20f6373f23030919,Niko,HY 38/16A,Niko HY 38/16A,,,,False
697586ef20f6373f2303091a,Niko,HY 48/58 2000,Niko HY 48/58 2000,,,,False
697586ef20f6373f2303091b,Niko,HY 610,Niko HY 610,,,,False
697586ef20f6373f2303091c,Niko,HY 710,Niko HY 710,,,,False
697586ef20f6373f23030309,Holmac,HZC 16-22,Holmac HZC 16-22,,,,False
697586ef20f6373f2303030a,Holmac,HZC 24,Holmac HZC 24,,,,False
697586ef20f6373f2303030b,Holmac,HZC 25,Holmac HZC 25,,,,False
697586ef20f6373f2303030c,Holmac,HZC 26-20,Holmac HZC 26-20,,,,False
697586ef20f6373f2303030d,Holmac,HZC 26TL (Long side),Holmac HZC 26TL (Long side),,,,False
697586ef20f6373f2303030e,Holmac,HZC 26TL (Short side),Holmac HZC 26TL (Short side),,,,False
697586ef20f6373f2303030f,Holmac,HZC 29 2X,Holmac HZC 29 2X,,,,False
697586ef20f6373f23030310,Holmac,HZC 35,Holmac HZC 35,,,,False
697586ef20f6373f23030311,Holmac,HZC 35T,Holmac HZC 35T,,,,False
697586ef20f6373f23030312,Holmac,HZC 37,Holmac HZC 37,,,,False
697586ef20f6373f230307f2,Meinl,Hamster,Meinl Hamster,,,,False
697586ef20f6373f23030b59,Taylorst. Plant,Hi C40 (TRACKed Crusher) Uk market,Taylorst. Plant Hi C40 (TRACKed Crusher) Uk market,,,,False
697586ef20f6373f23030b5a,Taylorst. Plant,Hi T500 (Carrier) Uk market,Taylorst. Plant Hi T500 (Carrier) Uk market,,,,False
697586ef20f6373f23030ae6,TCP,Hi-T500 (Mini-carrier),TCP Hi-T500 (Mini-carrier),,,,False
697586ef20f6373f230309bb,Powerfab,High type (Carrier),Powerfab High type (Carrier),,,,False
697586ef20f6373f23030445,Imer,IM R19,Imer IM R19,,,,False
697586ef20f6373f23030431,INOVA,INOVA,INOVA INOVA,,,,False
697586ef20f6373f2302ff5f,Chieftan,IS7FX,Chieftan IS7FX,,,,False
697586ef20f6373f230304b7,Jekko,JF40,Jekko JF40,,,,False
697586ef20f6373f230304ad,JIEHE,JHZA-25,JIEHE JHZA-25,,,,False
697586ef20f6373f23030332,Hydra,JOY 1 (Drilling machine),Hydra JOY 1 (Drilling machine),,,,False
697586ef20f6373f23030333,Hydra,JOY 2 (Drilling machine),Hydra JOY 2 (Drilling machine),,,,False
697586ef20f6373f23030993,Penta Moter,Jolly,Penta Moter Jolly,,,,False
697586ef20f6373f23030994,Penta Moter,Jolly 20B,Penta Moter Jolly 20B,,,,False
697586ef20f6373f23030995,Penta Moter,Jolly 26B,Penta Moter Jolly 26B,,,,False
697586ef20f6373f23030996,Penta Moter,Jolly 26PK,Penta Moter Jolly 26PK,,,,False
697586ef20f6373f2302ff8c,Collina,Junior 200,Collina Junior 200,,,,False
697586ef20f6373f23030b5d,Tekna,K 14,Tekna K 14,,,,False
697586ef20f6373f23030b5e,Tekna,K 14M,Tekna K 14M,,,,False
697586ef20f6373f23030b5f,Tekna,K 14S,Tekna K 14S,,,,False
697586ef20f6373f23030b60,Tekna,K 15,Tekna K 15,,,,False
697586ef20f6373f23030b61,Tekna,K 28S,Tekna K 28S,,,,False
697586ef20f6373f23030b62,Tekna,K 35S,Tekna K 35S,,,,False
697586ef20f6373f2302ff51,Carmix,K413,Carmix K413,,,,False
697586ef20f6373f2302ff52,Carmix,K414,Carmix K414,,,,False
697586ef20f6373f2302ff53,Carmix,K415,Carmix K415,,,,False
697586ef20f6373f23030c37,WAMET,KB-2G,WAMET KB-2G,,,,False
697586ef20f6373f23030c38,WAMET,KB-3G,WAMET KB-3G,,,,False
697586ef20f6373f230309fb,Sacet,KC 28 ALV,Sacet KC 28 ALV,,,,False
697586ef20f6373f23030504,Kawasaki,KE 60,Kawasaki KE 60,,,,False
697586ef20f6373f23030bc2,Unkauf,KMB 114G,Unkauf KMB 114G,,,,False
697586ef20f6373f230307c0,Macmoter,L 6C,Macmoter L 6C,,,,False
697586ef20f6373f2303098a,Peljob,LS 200,Peljob LS 200,,,,False
697586ef20f6373f2303098b,Peljob,LS 2000,Peljob LS 2000,,,,False
697586ef20f6373f2303098c,Peljob,LS 286,Peljob LS 286,,,,False
697586ef20f6373f2303098d,Peljob,LS 386,Peljob LS 386,,,,False
697586ef20f6373f2303098e,Peljob,LS 406,Peljob LS 406,,,,False
697586ef20f6373f2303098f,Peljob,LS 502,Peljob LS 502,,,,False
697586ef20f6373f2302fca4,Apageo,LWC100 ( Drilling Machine),Apageo LWC100 ( Drilling Machine),,,,False
697586ef20f6373f23030118,Gehlmax,M 045,Gehlmax M 045,,,,False
697586ef20f6373f23030805,Messersi,M 08,Messersi M 08,,,,False
697586ef20f6373f23030806,Messersi,M 08E,Messersi M 08E,,,,False
697586ef20f6373f230307c1,Macmoter,M 1,Macmoter M 1,,,,False
697586ef20f6373f230307c2,Macmoter,M 1 Miniropa,Macmoter M 1 Miniropa,,,,False
697586ef20f6373f230307c3,Macmoter,M 1 S,Macmoter M 1 S,,,,False
697586ef20f6373f23030807,Messersi,M 10E,Messersi M 10E,,,,False
697586ef20f6373f23030dd7,Ygry,M 120,Ygry M 120,,,,False
697586ef20f6373f23030808,Messersi,M 13,Messersi M 13,,,,False
697586ef20f6373f23030119,Gehlmax,M 135,Gehlmax M 135,,,,False
697586ef20f6373f2303011a,Gehlmax,M 135S,Gehlmax M 135S,,,,False
697586ef20f6373f23030809,Messersi,M 15,Messersi M 15,,,,False
697586ef20f6373f2303080a,Messersi,M 16,Messersi M 16,,,,False
697586ef20f6373f2303080b,Messersi,M 16BV,Messersi M 16BV,,,,False
697586ef20f6373f2303080c,Messersi,M 16U,Messersi M 16U,,,,False
697586ef20f6373f2303080d,Messersi,M 18,Messersi M 18,,,,False
697586ef20f6373f2303080e,Messersi,M 18BE,Messersi M 18BE,,,,False
697586ef20f6373f2303080f,Messersi,M 18BE/C,Messersi M 18BE/C,,,,False
697586ef20f6373f230307c4,Macmoter,M 2,Macmoter M 2,,,,False
697586ef20f6373f23030810,Messersi,M 20,Messersi M 20,,,,False
697586ef20f6373f23030811,Messersi,M 22U,Messersi M 22U,,,,False
697586ef20f6373f23030812,Messersi,M 25,Messersi M 25,,,,False
697586ef20f6373f23030813,Messersi,M 28,Messersi M 28,,,,False
697586ef20f6373f23030814,Messersi,M 28P,Messersi M 28P,,,,False
697586ef20f6373f23030815,Messersi,M 30,Messersi M 30,,,,False
697586ef20f6373f23030816,Messersi,M 32,Messersi M 32,,,,False
697586ef20f6373f23030817,Messersi,M 35,Messersi M 35,,,,False
697586ef20f6373f23030818,Messersi,M 35P/C,Messersi M 35P/C,,,,False
697586ef20f6373f23030819,Messersi,M 50,Messersi M 50,,,,False
697586ef20f6373f2303081a,Messersi,M 50P,Messersi M 50P,,,,False
697586ef20f6373f230307c8,Maeda,M-104C,Maeda M-104C,,,,False
697586ef20f6373f2302ff34,CME,M12,CME M12,,,,False
697586ef20f6373f2302fcf5,Benati,M13,Benati M13,,,,False
697586ef20f6373f2302fcf6,Benati,M14,Benati M14,,,,False
697586ef20f6373f2302ff35,CME,M15,CME M15,,,,False
697586ef20f6373f2302fcf7,Benati,M16,Benati M16,,,,False
697586ef20f6373f2302fcfd,Bentrac,M16,Bentrac M16,,,,False
697586ef20f6373f2302fcfe,Bentrac,M25,Bentrac M25,,,,False
697586ef20f6373f23030b9e,Top Steel,M26,Top Steel M26,,,,False
697586ef20f6373f23030b9f,Top Steel,M31,Top Steel M31,,,,False
697586ef20f6373f2302fcf2,Benassi,M350H,Benassi M350H,,,,False
697586ef20f6373f230307f5,Merlo,M4-2,Merlo M4-2,,,,False
697586ef20f6373f230307f6,Merlo,M4-3 Turbo,Merlo M4-3 Turbo,,,,False
697586ef20f6373f23030ba0,Top Steel,M41,Top Steel M41,,,,False
697586ef20f6373f2302fcf3,Benassi,M450H,Benassi M450H,,,,False
697586ef20f6373f2302fcf4,Benassi,M550H,Benassi M550H,,,,False
697586ef20f6373f230307f7,Merlo,M6 ('2002),Merlo M6 ('2002),,,,False
697586ef20f6373f230307f8,Merlo,M8,Merlo M8,,,,False
697586ef20f6373f230307f9,Merlo,M8-2 Plus Dumper,Merlo M8-2 Plus Dumper,,,,False
697586ef20f6373f230307fa,Merlo,M8-2 Plus Mixer,Merlo M8-2 Plus Mixer,,,,False
697586ef20f6373f2303011b,Gehlmax,MB 045,Gehlmax MB 045,,,,False
697586ef20f6373f2303094e,Paus-Hermann,MB 1.6,Paus-Hermann MB 1.6,,,,False
697586ef20f6373f2303011c,Gehlmax,MB 1135,Gehlmax MB 1135,,,,False
697586ef20f6373f2303011d,Gehlmax,MB 1135S,Gehlmax MB 1135S,,,,False
697586ef20f6373f230307c5,Macmoter,MB 135S,Macmoter MB 135S,,,,False
697586ef20f6373f2303011e,Gehlmax,MB 138,Gehlmax MB 138,,,,False
697586ef20f6373f2303011f,Gehlmax,MB 145,Gehlmax MB 145,,,,False
697586ef20f6373f23030120,Gehlmax,MB 148,Gehlmax MB 148,,,,False
697586ef20f6373f23030121,Gehlmax,MB 165,Gehlmax MB 165,,,,False
697586ef20f6373f2303094f,Paus-Hermann,MB 2.0,Paus-Hermann MB 2.0,,,,False
697586ef20f6373f23030950,Paus-Hermann,MB 2.4 ('1994),Paus-Hermann MB 2.4 ('1994),,,,False
697586ef20f6373f23030122,Gehlmax,MB 253,Gehlmax MB 253,,,,False
697586ef20f6373f23030123,Gehlmax,MB 288,Gehlmax MB 288,,,,False
697586ef20f6373f23030951,Paus-Hermann,MB 3.2,Paus-Hermann MB 3.2,,,,False
697586ef20f6373f230307ee,Mecanica Benassi,MB 300,Mecanica Benassi MB 300,,,,False
697586ef20f6373f230307ef,Mecanica Benassi,MB 350,Mecanica Benassi MB 350,,,,False
697586ef20f6373f23030124,Gehlmax,MB 358,Gehlmax MB 358,,,,False
697586ef20f6373f230307f0,Mecanica Benassi,MB 500,Mecanica Benassi MB 500,,,,False
697586ef20f6373f230300af,FIGO,MC 150 (Mini Dumper),FIGO MC 150 (Mini Dumper),,,,False
697586ef20f6373f230307c9,Maeda,MC104C,Maeda MC104C,,,,False
697586ef20f6373f230307ca,Maeda,MC104CR,Maeda MC104CR,,,,False
697586ef20f6373f230307cb,Maeda,MC174,Maeda MC174,,,,False
697586ef20f6373f23030a60,Silla,ME 1400H,Silla ME 1400H,,,,False
697586ef20f6373f2302fbf0,ACM,ME040,ACM ME040,,,,False
697586ef20f6373f23030846,Mopas,ME35,Mopas ME35,,,,False
697586ef20f6373f230307d4,Massey Ferguson,MF 114,Massey Ferguson MF 114,,,,False
697586ef20f6373f230307d5,Massey Ferguson,MF 115,Massey Ferguson MF 115,,,,False
697586ef20f6373f230307d6,Massey Ferguson,MF 123,Massey Ferguson MF 123,,,,False
697586ef20f6373f230307d7,Massey Ferguson,MF 125,Massey Ferguson MF 125,,,,False
697586ef20f6373f230307d8,Massey Ferguson,MF 128,Massey Ferguson MF 128,,,,False
697586ef20f6373f230307d9,Massey Ferguson,MF 130,Massey Ferguson MF 130,,,,False
697586ef20f6373f230307da,Massey Ferguson,MF 131,Massey Ferguson MF 131,,,,False
697586ef20f6373f230307db,Massey Ferguson,MF 135,Massey Ferguson MF 135,,,,False
697586ef20f6373f230307dc,Massey Ferguson,MF 145,Massey Ferguson MF 145,,,,False
697586ef20f6373f230307dd,Massey Ferguson,MF 150,Massey Ferguson MF 150,,,,False
697586ef20f6373f23030858,Multidrill,ML (HD Drilling Machine),Multidrill ML (HD Drilling Machine),,,,False
697586ef20f6373f230309e6,Rolatec,ML 76A (Drilling machine),Rolatec ML 76A (Drilling machine),,,,False
697586ef20f6373f23030825,Mini Mustang,MM18,Mini Mustang MM18,,,,False
697586ef20f6373f2302ff96,Comet,MT 13 (Mini Transporter),Comet MT 13 (Mini Transporter),,,,False
697586ef20f6373f2302ff97,Comet,MT 13AB (Mini Transporter),Comet MT 13AB (Mini Transporter),,,,False
697586ef20f6373f2302ff98,Comet,MT 13BB (Mini Transporter),Comet MT 13BB (Mini Transporter),,,,False
697586ef20f6373f2302ff56,Casorzo,MTR450,Casorzo MTR450,,,,False
697586ef20f6373f2302ff57,Casorzo,MTR600,Casorzo MTR600,,,,False
697586ef20f6373f2302ff9d,Compair Holman,MTRAX,Compair Holman MTRAX,,,,False
697586ef20f6373f2302fc90,Almac,MULTI-LOADER 2.5,Almac MULTI-LOADER 2.5,,,,False
697586ef20f6373f23030c39,WAMET,MWG-1 [OEM 230x72x43],WAMET MWG-1 [OEM 230x72x43],,,,False
697586ef20f6373f23030c3a,WAMET,MWG-6,WAMET MWG-6,,,,False
697586ef20f6373f230309fc,Samsung,MX 030,Samsung MX 030,,,,False
697586ef20f6373f230309f2,SMC,MX 08XT,SMC MX 08XT,,,,False
697586ef20f6373f230309f3,SMC,MX 14-1,SMC MX 14-1,,,,False
697586ef20f6373f230309f4,SMC,MX 15,SMC MX 15,,,,False
697586ef20f6373f230309f5,SMC,MX 16XT,SMC MX 16XT,,,,False
697586ef20f6373f230309f6,SMC,MX 30,SMC MX 30,,,,False
697586ef20f6373f230309f7,SMC,MX 35,SMC MX 35,,,,False
697586ef20f6373f230309f8,SMC,MX 50,SMC MX 50,,,,False
697586ef20f6373f230309f9,SMC,MX 80,SMC MX 80,,,,False
697586ef20f6373f23030bc3,Upright,MXC 15,Upright MXC 15,,,,False
697586ef20f6373f2302ff92,Coltrax,MXC550,Coltrax MXC550,,,,False
697586ef20f6373f230307be,Macanizacion Y Mineria Sa,MYMC,Macanizacion Y Mineria Sa MYMC,,,,False
697586ef20f6373f230307bf,Macanizacion Y Mineria Sa,MYMP6,Macanizacion Y Mineria Sa MYMP6,,,,False
697586ef20f6373f23030997,Penta Moter,Maxi dumper,Penta Moter Maxi dumper,,,,False
697586ef20f6373f23030998,Penta Moter,Maxi dumper 20PK,Penta Moter Maxi dumper 20PK,,,,False
697586ef20f6373f2302ff2b,CFC,MaxiSpeed,CFC MaxiSpeed,,,,False
697586ef20f6373f2302fce6,Baraladi,Minding,Baraladi Minding,,,,False
697586ef20f6373f230300d6,Fiori,Minding,Fiori Minding,,,,False
697586ef20f6373f23030505,Kawasaki,Mini-carrier,Kawasaki Mini-carrier,,,,False
697586ef20f6373f2302fd10,Bertolini,Mini-excavator,Bertolini Mini-excavator,,,,False
697586ef20f6373f23030314,Holmed,Mini-excavator,Holmed Mini-excavator,,,,False
697586ef20f6373f230308b1,Nemag,Mini-excavator,Nemag Mini-excavator,,,,False
697586ef20f6373f230300b0,FORT,Minidumper,FORT Minidumper,,,,False
697586ef20f6373f23030098,Eurodig,Miniload 800,Eurodig Miniload 800,,,,False
697586ef20f6373f2302fdb7,Bonne Esperance,Minisand,Bonne Esperance Minisand,,,,False
697586ef20f6373f2302fcf1,Bellon Maria,Monkey,Bellon Maria Monkey,,,,False
697586ef20f6373f230309e3,Riebsamen,Multi-pelle,Riebsamen Multi-pelle,,,,False
697586ef20f6373f230300e0,Fraste,Multidrill ML (drilling machine),Fraste Multidrill ML (drilling machine),,,,False
697586ef20f6373f230300e1,Fraste,Multidrill PL (drilling machine),Fraste Multidrill PL (drilling machine),,,,False
697586ef20f6373f230300e2,Fraste,Multidrill XL (drilling machine),Fraste Multidrill XL (drilling machine),,,,False
697586ef20f6373f23030a44,Schaeff,N 120,Schaeff N 120,,,,False
697586ef20f6373f2303009a,Eurotom,NB 30,Eurotom NB 30,,,,False
697586ef20f6373f230308a5,Nagano Highland,NB 30,Nagano Highland NB 30,,,,False
697586ef20f6373f23030a58,Shin-Towa,NC 180,Shin-Towa NC 180,,,,False
697586ef20f6373f230308a6,Nagano Highland,NS 15-2,Nagano Highland NS 15-2,,,,False
697586ef20f6373f230308a7,Nagano Highland,NS 45-2,Nagano Highland NS 45-2,,,,False
697586ef20f6373f230308a8,Nante,NT 110,Nante NT 110,,,,False
697586ef20f6373f230308a9,Nante,NT 12,Nante NT 12,,,,False
697586ef20f6373f230308aa,Nante,NT 15,Nante NT 15,,,,False
697586ef20f6373f230308ab,Nante,NT 16,Nante NT 16,,,,False
697586ef20f6373f230308ac,Nante,NT 18,Nante NT 18,,,,False
697586ef20f6373f230308ad,Nante,NT 18D,Nante NT 18D,,,,False
697586ef20f6373f230308ae,Nante,NT 30U,Nante NT 30U,,,,False
697586ef20f6373f23030907,Nibbi,NTR 270,Nibbi NTR 270,,,,False
697586ef20f6373f23030908,Nibbi,NTR 350,Nibbi NTR 350,,,,False
697586ef20f6373f23030909,Nibbi,NTR 450,Nibbi NTR 450,,,,False
697586ef20f6373f2303090a,Nibbi,NTR 500,Nibbi NTR 500,,,,False
697586ef20f6373f2303090b,Nibbi,NTR 500D,Nibbi NTR 500D,,,,False
697586ef20f6373f230307c6,Madro,OMH-400,Madro OMH-400,,,,False
697586ef20f6373f230307f1,Mecbo,P2800-BR.8,Mecbo P2800-BR.8,,,,False
697586ef20f6373f23030a65,Smac,PC 40III (Lifting platform),Smac PC 40III (Lifting platform),,,,False
697586ef20f6373f23030859,Multidrill,PL (HD Drilling Machine),Multidrill PL (HD Drilling Machine),,,,False
697586ef20f6373f2302fc14,Active,PT1300,Active PT1300,,,,False
697586ef20f6373f2302fc15,Active,PT1320,Active PT1320,,,,False
697586ef20f6373f2302fc16,Active,PT1460,Active PT1460,,,,False
697586ef20f6373f230307fb,Mertz,PX 10,Mertz PX 10,,,,False
697586ef20f6373f230307fc,Mertz,PX 17,Mertz PX 17,,,,False
697586ef20f6373f2303099a,Pezzolato,PZ 250,Pezzolato PZ 250,,,,False
697586ef20f6373f23030446,Italmec,Platform,Italmec Platform,,,,False
697586ef20f6373f230309c5,Rampicar,R 100,Rampicar R 100,,,,False
697586ef20f6373f230309c6,Rampicar,R 100AE,Rampicar R 100AE,,,,False
697586ef20f6373f230309e7,Rossi,R 103.3,Rossi R 103.3,,,,False
697586ef20f6373f23030ddf,Yuchai,R 103.3,Yuchai R 103.3,,,,False
697586ef20f6373f230309e8,Rossi,R 105.3,Rossi R 105.3,,,,False
697586ef20f6373f23030de0,Yuchai,R 105.3,Yuchai R 105.3,,,,False
697586ef20f6373f23030313,Holman,R 13700,Holman R 13700,,,,False
697586ef20f6373f230309c7,Rampicar,R 35,Rampicar R 35,,,,False
697586ef20f6373f230309c8,Rampicar,R 50,Rampicar R 50,,,,False
697586ef20f6373f230309c9,Rampicar,R 500 (Mini-carrier),Rampicar R 500 (Mini-carrier),,,,False
697586ef20f6373f230309ca,Rampicar,R 60,Rampicar R 60,,,,False
697586ef20f6373f230309cb,Rampicar,R 600,Rampicar R 600,,,,False
697586ef20f6373f230309cc,Rampicar,R 600 (Mini-carrier),Rampicar R 600 (Mini-carrier),,,,False
697586ef20f6373f230309cd,Rampicar,R 635,Rampicar R 635,,,,False
697586ef20f6373f230309ce,Rampicar,R 70,Rampicar R 70,,,,False
697586ef20f6373f230309cf,Rampicar,R 70.1,Rampicar R 70.1,,,,False
697586ef20f6373f230309d0,Rampicar,R 70AE,Rampicar R 70AE,,,,False
697586ef20f6373f230309d1,Rampicar,R 800 (Mini-carrier),Rampicar R 800 (Mini-carrier),,,,False
697586ef20f6373f230309d2,Rampicar,R 900 (Mini-carrier),Rampicar R 900 (Mini-carrier),,,,False
697586ef20f6373f230309bd,Powerpac,RC 350,Powerpac RC 350,,,,False
697586ef20f6373f230309be,Powerpac,RC 500,Powerpac RC 500,,,,False
697586ef20f6373f230309b3,Positrack,RCV 85,Positrack RCV 85,,,,False
697586ef20f6373f23030125,Gehlmax,RD 10 (Mini Dumper),Gehlmax RD 10 (Mini Dumper),,,,False
697586ef20f6373f23030126,Gehlmax,RD 10 SLE (Mini Dumper),Gehlmax RD 10 SLE (Mini Dumper),,,,False
697586ef20f6373f23030127,Gehlmax,RD 15D (Mini Dumper),Gehlmax RD 15D (Mini Dumper),,,,False
697586ef20f6373f23030128,Gehlmax,RD 15DR (Mini Dumper),Gehlmax RD 15DR (Mini Dumper),,,,False
697586ef20f6373f23030129,Gehlmax,RD 6HX (Mini Dumper),Gehlmax RD 6HX (Mini Dumper),,,,False
697586ef20f6373f2303012a,Gehlmax,RD 7,Gehlmax RD 7,,,,False
697586ef20f6373f2303012b,Gehlmax,RD 7-10D (Mini Dumper),Gehlmax RD 7-10D (Mini Dumper),,,,False
697586ef20f6373f2303012c,Gehlmax,RD 7SLE (Mini Dumper),Gehlmax RD 7SLE (Mini Dumper),,,,False
697586ef20f6373f2303012d,Gehlmax,RD 8 (Mini Dumper),Gehlmax RD 8 (Mini Dumper),,,,False
697586ef20f6373f2303012e,Gehlmax,RD 8HX (Mini Dumper),Gehlmax RD 8HX (Mini Dumper),,,,False
697586ef20f6373f2303012f,Gehlmax,RD 8SLE (Mini Dumper),Gehlmax RD 8SLE (Mini Dumper),,,,False
697586ef20f6373f230309ea,Rufener,RK 1200 (mini-dumper),Rufener RK 1200 (mini-dumper),,,,False
697586ef20f6373f230309eb,Rufener,RK 1500 (mini-dumper),Rufener RK 1500 (mini-dumper),,,,False
697586ef20f6373f230309ec,Rufener,RK 500 (mini-dumper),Rufener RK 500 (mini-dumper),,,,False
697586ef20f6373f230309ed,Rufener,RK 602 (mini-dumper),Rufener RK 602 (mini-dumper),,,,False
697586ef20f6373f230309ee,Rufener,RK 700 (mini-dumper),Rufener RK 700 (mini-dumper),,,,False
697586ef20f6373f230309ef,Rufener,RK 900 (mini-dumper),Rufener RK 900 (mini-dumper),,,,False
697586ef20f6373f2302fc19,Aichi,RM040,Aichi RM040,,,,False
697586ef20f6373f230309e2,Renders,RME 170,Renders RME 170,,,,False
697586ef20f6373f2302ff9e,Conjet,ROBOT322,Conjet ROBOT322,,,,False
697586ef20f6373f230309a4,Platform Basket,RQG 12 (Skylifter),Platform Basket RQG 12 (Skylifter),,,,False
697586ef20f6373f230309a5,Platform Basket,RQG 12AD (Sky lifter),Platform Basket RQG 12AD (Sky lifter),,,,False
697586ef20f6373f230309a6,Platform Basket,RQG 15.75 (Skylifter),Platform Basket RQG 15.75 (Skylifter),,,,False
697586ef20f6373f230309a7,Platform Basket,RQG 150AD (Sky lifter),Platform Basket RQG 150AD (Sky lifter),,,,False
697586ef20f6373f230309a8,Platform Basket,RQG 18,Platform Basket RQG 18,,,,False
697586ef20f6373f230309a9,Platform Basket,RQG 18 (Sky lifter),Platform Basket RQG 18 (Sky lifter),,,,False
697586ef20f6373f23030e06,Zntsis Brzesko,RT-10,Zntsis Brzesko RT-10,,,,False
697586ef20f6373f23030b89,Terramac,RT9,Terramac RT9,,,,False
697586ef20f6373f2302fc1a,Aichi,RV040 (Lifting platform),Aichi RV040 (Lifting platform),,,,False
697586ef20f6373f2302fc1b,Aichi,RV041 (Lifting platform),Aichi RV041 (Lifting platform),,,,False
697586ef20f6373f2302fc1c,Aichi,RV042 (Lifting platform),Aichi RV042 (Lifting platform),,,,False
697586ef20f6373f2302fc1d,Aichi,RV04A (Lifting platform),Aichi RV04A (Lifting platform),,,,False
697586ef20f6373f2302fc1e,Aichi,RV060 (Lifting platform),Aichi RV060 (Lifting platform),,,,False
697586ef20f6373f2302fc1f,Aichi,RV061 (Lifting platform),Aichi RV061 (Lifting platform),,,,False
697586ef20f6373f230307e5,Mc Connel,Robocut,Mc Connel Robocut,,,,False
697586ef20f6373f23030042,Energreen,Robogreen,Energreen Robogreen,,,,False
697586ef20f6373f23030999,Penta Moter,Robot,Penta Moter Robot,,,,False
697586ef20f6373f23030a6e,Stenuick,S 320,Stenuick S 320,,,,False
697586ef20f6373f2302ff89,Chikusui/Canycom,S100,Chikusui/Canycom S100,,,,False
697586ef20f6373f2302ff8d,Collina,S100,Collina S100,,,,False
697586ef20f6373f2302ff31,CMC,S15,CMC S15,,,,False
697586ef20f6373f2302ff32,CMC,S19,CMC S19,,,,False
697586ef20f6373f2302ff33,CMC,S24,CMC S24,,,,False
697586ef20f6373f23030dd8,Ygry,SA 140,Ygry SA 140,,,,False
697586ef20f6373f23030dd9,Ygry,SA 170,Ygry SA 170,,,,False
697586ef20f6373f23030a6a,Soma,SB 15K,Soma SB 15K,,,,False
697586ef20f6373f23030a6b,Soma,SB 28,Soma SB 28,,,,False
697586ef20f6373f2302ff8e,Collina,SC,Collina SC,,,,False
697586ef20f6373f23030a07,Sato,SC 1200,Sato SC 1200,,,,False
697586ef20f6373f2303031f,Honda,SC 156DD (Carrier),Honda SC 156DD (Carrier),,,,False
697586ef20f6373f23030a08,Sato,SC 156DD (Mini-carrier),Sato SC 156DD (Mini-carrier),,,,False
697586ef20f6373f23030a09,Sato,SC 156DS (Mini-carrier),Sato SC 156DS (Mini-carrier),,,,False
697586ef20f6373f23030320,Honda,SC 433 (Carrier),Honda SC 433 (Carrier),,,,False
697586ef20f6373f23030a0a,Sato,SC 433 (Mini-carrier),Sato SC 433 (Mini-carrier),,,,False
697586ef20f6373f23030a0b,Sato,SC 433DA (Mini-carrier),Sato SC 433DA (Mini-carrier),,,,False
697586ef20f6373f23030a0c,Sato,SC 433DH (Mini-carrier),Sato SC 433DH (Mini-carrier),,,,False
697586ef20f6373f23030a0d,Sato,SC 433LDA (Mini-carrier),Sato SC 433LDA (Mini-carrier),,,,False
697586ef20f6373f23030a0e,Sato,SC 433LDS (Mini-carrier),Sato SC 433LDS (Mini-carrier),,,,False
697586ef20f6373f2302ff8a,Chikusui/Canycom,SC75,Chikusui/Canycom SC75,,,,False
697586ef20f6373f23030a0f,Sato,SCL 476A (Mini-carrier),Sato SCL 476A (Mini-carrier),,,,False
697586ef20f6373f230309fd,Samsung,SE 50,Samsung SE 50,,,,False
697586ef20f6373f230309fe,Samsung,SE 50-3,Samsung SE 50-3,,,,False
697586ef20f6373f23030a70,Streck,SF / U (Carrier),Streck SF / U (Carrier),,,,False
697586ef20f6373f23030990,Peljob,SIRIUS,Peljob SIRIUS,,,,False
697586ef20f6373f23030991,Peljob,SIRIUS plus,Peljob SIRIUS plus,,,,False
697586ef20f6373f230300bd,Fermec,SK 015,Fermec SK 015,,,,False
697586ef20f6373f230300be,Fermec,SK 025,Fermec SK 025,,,,False
697586ef20f6373f230300bf,Fermec,SK 030,Fermec SK 030,,,,False
697586ef20f6373f230300c0,Fermec,SK 035,Fermec SK 035,,,,False
697586ef20f6373f2303085a,Multidrill,SL (HD Drilling Machine),Multidrill SL (HD Drilling Machine),,,,False
697586ef20f6373f230301a1,Hanta,SLD 151D,Hanta SLD 151D,,,,False
697586ef20f6373f2302fcef,Bastei,SLD151D,Bastei SLD151D,,,,False
697586ef20f6373f230307c7,Madro,SMH-400,Madro SMH-400,,,,False
697586ef20f6373f2303085c,Multitel,SMX250.E,Multitel SMX250.E,,,,False
697586ef20f6373f2302ff4e,Carlton,SP5014TRX,Carlton SP5014TRX,,,,False
697586ef20f6373f2302ff4f,Carlton,SP7015TRX,Carlton SP7015TRX,,,,False
697586ef20f6373f2302ff50,Carlton,SP8018TRX<2009,Carlton SP8018TRX<2009,,,,False
697586ef20f6373f23030432,Imai,SPD 265C,Imai SPD 265C,,,,False
697586ef20f6373f23030433,Imai,SPD 360C,Imai SPD 360C,,,,False
697586ef20f6373f230309c0,Putzmeister,SPM 300,Putzmeister SPM 300,,,,False
697586ef20f6373f230304b8,Jekko,SPX424CDH,Jekko SPX424CDH,,,,False
697586ef20f6373f230304b9,Jekko,SPX527CDH,Jekko SPX527CDH,,,,False
697586ef20f6373f2303013d,Green Mech,ST19-28,Green Mech ST19-28,,,,False
697586ef20f6373f2303013e,Green Mech,ST220,Green Mech ST220,,,,False
697586ef20f6373f23030aca,Sunward,SWE 08,Sunward SWE 08,,,,False
697586ef20f6373f23030acb,Sunward,SWE 08B,Sunward SWE 08B,,,,False
697586ef20f6373f23030acc,Sunward,SWE 15,Sunward SWE 15,,,,False
697586ef20f6373f23030acd,Sunward,SWE 15S,Sunward SWE 15S,,,,False
697586ef20f6373f23030ace,Sunward,SWE 17,Sunward SWE 17,,,,False
697586ef20f6373f23030acf,Sunward,SWE 17S,Sunward SWE 17S,,,,False
697586ef20f6373f23030ad0,Sunward,SWE 18UB,Sunward SWE 18UB,,,,False
697586ef20f6373f23030ad1,Sunward,SWE 18UF,Sunward SWE 18UF,,,,False
697586ef20f6373f23030ad2,Sunward,SWE 25B,Sunward SWE 25B,,,,False
697586ef20f6373f23030ad3,Sunward,SWE 25UF,Sunward SWE 25UF,,,,False
697586ef20f6373f23030ad4,Sunward,SWE 28,Sunward SWE 28,,,,False
697586ef20f6373f23030ad5,Sunward,SWE 35UF,Sunward SWE 35UF,,,,False
697586ef20f6373f23030ad6,Sunward,SWE 38,Sunward SWE 38,,,,False
697586ef20f6373f23030ad7,Sunward,SWE 40U,Sunward SWE 40U,,,,False
697586ef20f6373f23030ad8,Sunward,SWE 50B,Sunward SWE 50B,,,,False
697586ef20f6373f23030ad9,Sunward,SWE 55,Sunward SWE 55,,,,False
697586ef20f6373f23030ada,Sunward,SWE 60,Sunward SWE 60,,,,False
697586ef20f6373f23030adb,Sunward,SWE 60B,Sunward SWE 60B,,,,False
697586ef20f6373f23030adc,Sunward,SWE 60UF,Sunward SWE 60UF,,,,False
697586ef20f6373f23030add,Sunward,SWE 70,Sunward SWE 70,,,,False
697586ef20f6373f23030ade,Sunward,SWE 70B,Sunward SWE 70B,,,,False
697586ef20f6373f23030adf,Sunward,SWE 78,Sunward SWE 78,,,,False
697586ef20f6373f23030ae0,Sunward,SWE 80,Sunward SWE 80,,,,False
697586ef20f6373f23030ae1,Sunward,SWE 90,Sunward SWE 90,,,,False
697586ef20f6373f23030021,Drago,SWISS,Drago SWISS,,,,False
697586ef20f6373f23030a5a,Showa Aircraft,SWP 030VCB,Showa Aircraft SWP 030VCB,,,,False
697586ef20f6373f23030ae2,Sunward,SWTL 4210 (Compact Track Loader),Sunward SWTL 4210 (Compact Track Loader),,,,False
697586ef20f6373f23030ae3,Sunward,SWTL 4518 (Compact Track Loader),Sunward SWTL 4518 (Compact Track Loader),,,,False
697586ef20f6373f230309bc,Powerfab,Samurai,Powerfab Samurai,,,,False
697586ef20f6373f2302ff8f,Collina,Sardegna,Collina Sardegna,,,,False
697586ef20f6373f2302fce7,Baratti,Scorpio,Baratti Scorpio,,,,False
697586ef20f6373f2302fd01,Beretta,Skorpio2C,Beretta Skorpio2C,,,,False
697586ef20f6373f230309b2,Porrello,Sky lifter,Porrello Sky lifter,,,,False
697586ef20f6373f2303090e,Nihon Flex,Snow Plow,Nihon Flex Snow Plow,,,,False
697586ef20f6373f2303090f,Nihon Freki,Snow showel,Nihon Freki Snow showel,,,,False
697586ef20f6373f2302ff2c,CFC,Speed 1800,CFC Speed 1800,,,,False
697586ef20f6373f2302ff2d,CFC,SpeedTapiro Old,CFC SpeedTapiro Old,,,,False
697586ef20f6373f2302ff2e,CFC,SpeedTaripo Carro Standard,CFC SpeedTaripo Carro Standard,,,,False
697586ef20f6373f2302ff2f,CFC,SpeedTaripo Carro Standard 2,CFC SpeedTaripo Carro Standard 2,,,,False
697586ef20f6373f2302ff30,CFC,SpeedTaripo NuovoCarro2013,CFC SpeedTaripo NuovoCarro2013,,,,False
697586ef20f6373f2302fd02,Beretta,Spider,Beretta Spider,,,,False
697586ef20f6373f2302ff26,CELA,Spider 120,CELA Spider 120,,,,False
697586ef20f6373f230309aa,Platform Basket,Spider 13.80 (Sky lifter),Platform Basket Spider 13.80 (Sky lifter),,,,False
697586ef20f6373f230309ab,Platform Basket,Spider 18.90 (Sky lifter),Platform Basket Spider 18.90 (Sky lifter),,,,False
697586ef20f6373f230309ac,Platform Basket,Spider 22.10 (Sky lifter),Platform Basket Spider 22.10 (Sky lifter),,,,False
697586ef20f6373f2302ff27,CELA,Spider 260,CELA Spider 260,,,,False
697586ef20f6373f230309ad,Platform Basket,Spider 27.14 (Sky lifter),Platform Basket Spider 27.14 (Sky lifter),,,,False
697586ef20f6373f230309ae,Platform Basket,Spider 33.15 (Sky lifter),Platform Basket Spider 33.15 (Sky lifter),,,,False
697586ef20f6373f2302ff28,CELA,Spider 560,CELA Spider 560,,,,False
697586ef20f6373f23030b63,Tekna,T 13,Tekna T 13,,,,False
697586ef20f6373f230300b2,Fercad,T 3250,Fercad T 3250,,,,False
697586ef20f6373f2302fd03,Beretta,T 41 (Drilling Machine),Beretta T 41 (Drilling Machine),,,,False
697586ef20f6373f2302fddc,C & F,T 50,C & F T 50,,,,False
697586ef20f6373f2302fddd,C & F,T 85,C & F T 85,,,,False
697586ef20f6373f23030b9b,Tifermec,T16,Tifermec T16,,,,False
697586ef20f6373f2302fd04,Beretta,T21 (Drilling Machine),Beretta T21 (Drilling Machine),,,,False
697586ef20f6373f2302fd05,Beretta,T25 (Drilling Machine),Beretta T25 (Drilling Machine),,,,False
697586ef20f6373f2303013a,Goman,T30,Goman T30,,,,False
697586ef20f6373f2302fd06,Beretta,T41 (Drilling Machine),Beretta T41 (Drilling Machine),,,,False
697586ef20f6373f2302fd07,Beretta,T43 (Drilling Machine),Beretta T43 (Drilling Machine),,,,False
697586ef20f6373f2302fd08,Beretta,T43/2 (Drilling Machine),Beretta T43/2 (Drilling Machine),,,,False
697586ef20f6373f2302fd09,Beretta,T44 (Drilling Machine),Beretta T44 (Drilling Machine),,,,False
697586ef20f6373f2302fd0a,Beretta,T45 (Drilling Machine),Beretta T45 (Drilling Machine),,,,False
697586ef20f6373f2302fd0b,Beretta,T46 (Drilling Machine),Beretta T46 (Drilling Machine),,,,False
697586ef20f6373f2302ff4c,Cams Libra,T865,Cams Libra T865,,,,False
697586ef20f6373f2302ff4d,Cams Libra,T985,Cams Libra T985,,,,False
697586ef20f6373f230307e4,Maxima,TB 15,Maxima TB 15,,,,False
697586ef20f6373f230307e2,Maweco,TC 10,Maweco TC 10,,,,False
697586ef20f6373f23030a59,Shin-Towa,TC 204,Shin-Towa TC 204,,,,False
697586ef20f6373f23030b64,Tekna,TC 9,Tekna TC 9,,,,False
697586ef20f6373f23030a45,Schaeff,TC08,Schaeff TC08,,,,False
697586ef20f6373f23030a46,Schaeff,TC10Z,Schaeff TC10Z,,,,False
697586ef20f6373f2303081b,Messersi,TCH 05,Messersi TCH 05,,,,False
697586ef20f6373f2303081c,Messersi,TCH 07D,Messersi TCH 07D,,,,False
697586ef20f6373f2303081d,Messersi,TCH 09,Messersi TCH 09,,,,False
697586ef20f6373f2303081e,Messersi,TCH 10D,Messersi TCH 10D,,,,False
697586ef20f6373f2303081f,Messersi,TCH 12,Messersi TCH 12,,,,False
697586ef20f6373f23030820,Messersi,TCH 13,Messersi TCH 13,,,,False
697586ef20f6373f23030821,Messersi,TCH 15,Messersi TCH 15,,,,False
697586ef20f6373f23030822,Messersi,TCH 1500,Messersi TCH 1500,,,,False
697586ef20f6373f23030823,Messersi,TCH 15S,Messersi TCH 15S,,,,False
697586ef20f6373f23030824,Messersi,TCH R16D,Messersi TCH R16D,,,,False
697586ef20f6373f23030ae7,TCP,TCP 500 (Carrier ) Uk market,TCP TCP 500 (Carrier ) Uk market,,,,False
697586ef20f6373f23030b5b,Taylorst. Plant,TCP 500 (Carrier ) Uk market,Taylorst. Plant TCP 500 (Carrier ) Uk market,,,,False
697586ef20f6373f23030352,ICE(Internationalstruction Equipment INC,TD 308 (>2004 model),ICE(Internationalstruction Equipment INC TD 308 (>2004 model),,,,False
697586ef20f6373f2302fd0c,Beretta,TD50,Beretta TD50,,,,False
697586ef20f6373f2302fd0d,Beretta,TD75,Beretta TD75,,,,False
697586ef20f6373f2302ff29,CELA,TELJ28,CELA TELJ28,,,,False
697586ef20f6373f23030b88,Terra Jet,TERRA JET (drilling machine),Terra Jet TERRA JET (drilling machine),,,,False
697586ef20f6373f23030b8c,Tescar,TES 20 (drilling machine),Tescar TES 20 (drilling machine),,,,False
697586ef20f6373f23030941,Pagani Geotechnical Equipment,TG 63/100,Pagani Geotechnical Equipment TG 63/100,,,,False
697586ef20f6373f23030942,Pagani Geotechnical Equipment,TG 63/150,Pagani Geotechnical Equipment TG 63/150,,,,False
697586ef20f6373f23030943,Pagani Geotechnical Equipment,TG73/200,Pagani Geotechnical Equipment TG73/200,,,,False
697586ef20f6373f23030826,Minicarrier,TL 10,Minicarrier TL 10,,,,False
697586ef20f6373f2302fdc4,Boxer,TL 224,Boxer TL 224,,,,False
697586ef20f6373f2303003b,EFCO,TN500R,EFCO TN500R,,,,False
697586ef20f6373f2303014b,Hades,TP 1500,Hades TP 1500,,,,False
697586ef20f6373f23030ae8,TECOINSA,TP50D,TECOINSA TP50D,,,,False
697586ef20f6373f2302ff3c,Camisa,TR635,Camisa TR635,,,,False
697586ef20f6373f23030baa,Traklift,TRA 21,Traklift TRA 21,,,,False
697586ef20f6373f23030a6c,Stanley,TRACKhorse,Stanley TRACKhorse,,,,False
697586ef20f6373f2302fc92,Amerequip Eagle,TRAX40,Amerequip Eagle TRAX40,,,,False
697586ef20f6373f230309db,Raymar,TRK 102,Raymar TRK 102,,,,False
697586ef20f6373f230309dc,Raymar,TRK 120,Raymar TRK 120,,,,False
697586ef20f6373f230309dd,Raymar,TRK 120S,Raymar TRK 120S,,,,False
697586ef20f6373f230309de,Raymar,TRK 40,Raymar TRK 40,,,,False
697586ef20f6373f230309df,Raymar,TRK 40LT,Raymar TRK 40LT,,,,False
697586ef20f6373f230309e0,Raymar,TRK 60,Raymar TRK 60,,,,False
697586ef20f6373f230309e1,Raymar,TRK 60S,Raymar TRK 60S,,,,False
697586ef20f6373f2303009b,Eurotom,TS 08,Eurotom TS 08,,,,False
697586ef20f6373f2303009c,Eurotom,TS 15,Eurotom TS 15,,,,False
697586ef20f6373f2303009d,Eurotom,TS 15S,Eurotom TS 15S,,,,False
697586ef20f6373f2303009e,Eurotom,TS 17SE,Eurotom TS 17SE,,,,False
697586ef20f6373f2303009f,Eurotom,TS 25,Eurotom TS 25,,,,False
697586ef20f6373f230300a0,Eurotom,TS 27S,Eurotom TS 27S,,,,False
697586ef20f6373f230300a1,Eurotom,TS 30,Eurotom TS 30,,,,False
697586ef20f6373f230300a2,Eurotom,TS 30R,Eurotom TS 30R,,,,False
697586ef20f6373f230300a3,Eurotom,TS 35,Eurotom TS 35,,,,False
697586ef20f6373f230300a4,Eurotom,TS 35S,Eurotom TS 35S,,,,False
697586ef20f6373f230300a5,Eurotom,TS 75,Eurotom TS 75,,,,False
697586ef20f6373f230300a6,Eurotom,TS 75S,Eurotom TS 75S,,,,False
697586ef20f6373f23030944,Palazzani,TSJ 12,Palazzani TSJ 12,,,,False
697586ef20f6373f23030945,Palazzani,TSJ 22/24,Palazzani TSJ 22/24,,,,False
697586ef20f6373f23030946,Palazzani,TSJ 23,Palazzani TSJ 23,,,,False
697586ef20f6373f23030947,Palazzani,TSJ 24,Palazzani TSJ 24,,,,False
697586ef20f6373f23030948,Palazzani,TSJ 24 (2nd type - lifting platform),Palazzani TSJ 24 (2nd type - lifting platform),,,,False
697586ef20f6373f23030a4b,Senic,TSJ 34,Senic TSJ 34,,,,False
697586ef20f6373f23030949,Palazzani,TSJ 34 (Lifting platform),Palazzani TSJ 34 (Lifting platform),,,,False
697586ef20f6373f2303094a,Palazzani,TSJ 43 (Lifting platform),Palazzani TSJ 43 (Lifting platform),,,,False
697586ef20f6373f23030144,Grundohit,TT,Grundohit TT,,,,False
697586ef20f6373f23030b5c,Tecniwell,TWH 5,Tecniwell TWH 5,,,,False
697586ef20f6373f23030b8a,Terramite,TX 15,Terramite TX 15,,,,False
697586ef20f6373f23030b8b,Terramite,TX 25,Terramite TX 25,,,,False
697586ef20f6373f23030cef,Yamaguchi / Winbull,TXB-21,Yamaguchi / Winbull TXB-21,,,,False
697586ef20f6373f23030a4c,Senic,TZ 170,Senic TZ 170,,,,False
697586ef20f6373f2303094b,Palazzani,TZ 170 (Lifting platform),Palazzani TZ 170 (Lifting platform),,,,False
697586ef20f6373f230300e3,Fraste,Terrain (drilling machine),Fraste Terrain (drilling machine),,,,False
697586ef20f6373f23030992,Peljob,Tiga 68,Peljob Tiga 68,,,,False
697586ef20f6373f230307e6,Mc Elory,TracStar 28,Mc Elory TracStar 28,,,,False
697586ef20f6373f230307e7,Mc Elory,TracStar 412,Mc Elory TracStar 412,,,,False
697586ef20f6373f230307e8,Mc Elory,TracStar 500,Mc Elory TracStar 500,,,,False
697586ef20f6373f230307e9,Mc Elory,TracStar 618,Mc Elory TracStar 618,,,,False
697586ef20f6373f230307ea,Mc Elory,TracStar 900,Mc Elory TracStar 900,,,,False
697586ef20f6373f23030026,Dumec,Transporter,Dumec Transporter,,,,False
697586ef20f6373f23030bf8,Vnk Crane Europe,URW A295CR,Vnk Crane Europe URW A295CR,,,,False
697586ef20f6373f2302fc9b,Andreoli,UT60EVO,Andreoli UT60EVO,,,,False
697586ef20f6373f23030145,Grundohit,Undercarriage 40,Grundohit Undercarriage 40,,,,False
697586ef20f6373f23030a10,Satvia,VB 101R,Satvia VB 101R,,,,False
697586ef20f6373f23030bc7,Venieri,VF121,Venieri VF121,,,,False
697586ef20f6373f23030bc8,Venieri,VF141,Venieri VF141,,,,False
697586ef20f6373f23030bc9,Venieri,VF161,Venieri VF161,,,,False
697586ef20f6373f23030bca,Venieri,VF171,Venieri VF171,,,,False
697586ef20f6373f23030a11,Satvia,VT 102R,Satvia VT 102R,,,,False
697586ef20f6373f23030a12,Satvia,VT 150R,Satvia VT 150R,,,,False
697586ef20f6373f230309d3,Rampicar,Vignoble,Rampicar Vignoble,,,,False
697586ef20f6373f23030ced,Wyssen,W-10/RK700,Wyssen W-10/RK700,,,,False
697586ef20f6373f23030cf0,Yamaguchi / Winbull,WB 04,Yamaguchi / Winbull WB 04,,,,False
697586ef20f6373f23030cf1,Yamaguchi / Winbull,WB 05 (minidumper),Yamaguchi / Winbull WB 05 (minidumper),,,,False
697586ef20f6373f23030cf2,Yamaguchi / Winbull,WB 05 (minidumper) '2004,Yamaguchi / Winbull WB 05 (minidumper) '2004,,,,False
697586ef20f6373f23030cf3,Yamaguchi / Winbull,WB 06D (minidumper),Yamaguchi / Winbull WB 06D (minidumper),,,,False
697586ef20f6373f23030cf4,Yamaguchi / Winbull,WB 06D HL (Minidumper - High Lift),Yamaguchi / Winbull WB 06D HL (Minidumper - High Lift),,,,False
697586ef20f6373f23030cf5,Yamaguchi / Winbull,WB 07 (minidumper),Yamaguchi / Winbull WB 07 (minidumper),,,,False
697586ef20f6373f23030cf6,Yamaguchi / Winbull,WB 1000-3 (minidumper),Yamaguchi / Winbull WB 1000-3 (minidumper),,,,False
697586ef20f6373f23030cf7,Yamaguchi / Winbull,WB 12H (minidumper),Yamaguchi / Winbull WB 12H (minidumper),,,,False
697586ef20f6373f23030cf8,Yamaguchi / Winbull,WB 1300-3 (minidumper),Yamaguchi / Winbull WB 1300-3 (minidumper),,,,False
697586ef20f6373f23030cf9,Yamaguchi / Winbull,WB 1500-3 (minidumper),Yamaguchi / Winbull WB 1500-3 (minidumper),,,,False
697586ef20f6373f23030cfa,Yamaguchi / Winbull,WB 350FB (minidumper),Yamaguchi / Winbull WB 350FB (minidumper),,,,False
697586ef20f6373f23030cfb,Yamaguchi / Winbull,WB 350SF (minidumper),Yamaguchi / Winbull WB 350SF (minidumper),,,,False
697586ef20f6373f23030cfc,Yamaguchi / Winbull,WB 450HD (minitdumper),Yamaguchi / Winbull WB 450HD (minitdumper),,,,False
697586ef20f6373f23030cfd,Yamaguchi / Winbull,WB 450MD (minidumper),Yamaguchi / Winbull WB 450MD (minidumper),,,,False
697586ef20f6373f23030cfe,Yamaguchi / Winbull,WB 500 (minidumper),Yamaguchi / Winbull WB 500 (minidumper),,,,False
697586ef20f6373f23030cff,Yamaguchi / Winbull,WB 510 (minidumper),Yamaguchi / Winbull WB 510 (minidumper),,,,False
697586ef20f6373f23030d00,Yamaguchi / Winbull,WB 510B (minidumper),Yamaguchi / Winbull WB 510B (minidumper),,,,False
697586ef20f6373f23030d01,Yamaguchi / Winbull,WB 700 (minidumper),Yamaguchi / Winbull WB 700 (minidumper),,,,False
697586ef20f6373f23030d02,Yamaguchi / Winbull,WB 700EX (minidumper),Yamaguchi / Winbull WB 700EX (minidumper),,,,False
697586ef20f6373f23030d03,Yamaguchi / Winbull,WB12H alpha,Yamaguchi / Winbull WB12H alpha,,,,False
697586ef20f6373f23030bc6,Velcodrill,WD 100,Velcodrill WD 100,,,,False
697586ef20f6373f23030de1,Yuchai,WY 1.3,Yuchai WY 1.3,,,,False
697586ef20f6373f230304f2,Kaidi,WY 1.5,Kaidi WY 1.5,,,,False
697586ef20f6373f23030de2,Yuchai,WY 2.5,Yuchai WY 2.5,,,,False
697586ef20f6373f23030de3,Yuchai,WY 3.5,Yuchai WY 3.5,,,,False
697586ef20f6373f2302fc9c,Angel,WY1.3,Angel WY1.3,,,,False
697586ef20f6373f2302fc9d,Angel,WY2.5,Angel WY2.5,,,,False
697586ef20f6373f2302fc9e,Angel,WY3.5,Angel WY3.5,,,,False
697586ef20f6373f230300e6,Geawelltech,Well drill 3050CR,Geawelltech Well drill 3050CR,,,,False
697586ef20f6373f2303013b,Goman,X08,Goman X08,,,,False
697586ef20f6373f2303013c,Goman,X16,Goman X16,,,,False
697586ef20f6373f2302fca7,Atex,XC750D,Atex XC750D,,,,False
697586ef20f6373f2302fca8,Atex,XG450M,Atex XG450M,,,,False
697586ef20f6373f2303085b,Multidrill,XL (HD Drilling Machine),Multidrill XL (HD Drilling Machine),,,,False
697586ef20f6373f230309c2,RHINOCEROS,XN 12,RHINOCEROS XN 12,,,,False
697586ef20f6373f230309c3,RHINOCEROS,XN 16,RHINOCEROS XN 16,,,,False
697586ef20f6373f230309c4,RHINOCEROS,XN 18,RHINOCEROS XN 18,,,,False
697586ef20f6373f2303094c,Palazzani,XTJ 30/C (Lifting platform),Palazzani XTJ 30/C (Lifting platform),,,,False
697586ef20f6373f2303094d,Palazzani,XTJ 48,Palazzani XTJ 48,,,,False
697586ef20f6373f23030dda,Ygry,Y 12,Ygry Y 12,,,,False
697586ef20f6373f23030ddb,Ygry,Y 12B,Ygry Y 12B,,,,False
697586ef20f6373f23030ddc,Ygry,Y 14,Ygry Y 14,,,,False
697586ef20f6373f23030ddd,Ygry,Y 14B,Ygry Y 14B,,,,False
697586ef20f6373f23030dde,Ygry,Y 15,Ygry Y 15,,,,False
697586ef20f6373f23030ae5,TAIANLUYUE,Y125,TAIANLUYUE Y125,,,,False
697586ef20f6373f230307e3,Maweco,YB 10,Maweco YB 10,,,,False
697586ef20f6373f23030827,Minicarrier,YB 10,Minicarrier YB 10,,,,False
697586ef20f6373f23030de4,Yuchai,YC 15-7,Yuchai YC 15-7,,,,False
697586ef20f6373f23030de5,Yuchai,YC 15-8,Yuchai YC 15-8,,,,False
697586ef20f6373f23030de6,Yuchai,YC 25,Yuchai YC 25,,,,False
697586ef20f6373f23030de7,Yuchai,YC 25-2,Yuchai YC 25-2,,,,False
697586ef20f6373f23030de8,Yuchai,YC 25-8,Yuchai YC 25-8,,,,False
697586ef20f6373f23030de9,Yuchai,YC 30-2,Yuchai YC 30-2,,,,False
697586ef20f6373f23030dea,Yuchai,YC 35 SR,Yuchai YC 35 SR,,,,False
697586ef20f6373f23030deb,Yuchai,YC 35-7,Yuchai YC 35-7,,,,False
697586ef20f6373f23030dec,Yuchai,YC 35-8,Yuchai YC 35-8,,,,False
697586ef20f6373f23030ded,Yuchai,YC 45 [OEM 300x55x86],Yuchai YC 45 [OEM 300x55x86],,,,False
697586ef20f6373f23030dee,Yuchai,YC 45-6 [OEM 300x55x94],Yuchai YC 45-6 [OEM 300x55x94],,,,False
697586ef20f6373f23030def,Yuchai,YC 55-2,Yuchai YC 55-2,,,,False
697586ef20f6373f23030df0,Yuchai,YC 85,Yuchai YC 85,,,,False
697586ef20f6373f23030df1,Yuchai,YC 85-7,Yuchai YC 85-7,,,,False
697586ef20f6373f23030828,Minicarrier,YEW 5D1,Minicarrier YEW 5D1,,,,False
697586ef20f6373f23030829,Minicarrier,YFW 5,Minicarrier YFW 5,,,,False
697586ef20f6373f23030df4,Yutani,Z 53,Yutani Z 53,,,,False
697586ef20f6373f23030df5,Yutani,Z 54,Yutani Z 54,,,,False
697586ef20f6373f23030df6,Yutani,Z 55,Yutani Z 55,,,,False
697586ef20f6373f23030df8,Zeppelin,ZR 02,Zeppelin ZR 02,,,,False
697586ef20f6373f23030df9,Zeppelin,ZR 14,Zeppelin ZR 14,,,,False
697586ef20f6373f23030dfa,Zeppelin,ZR 15,Zeppelin ZR 15,,,,False
697586ef20f6373f23030dfb,Zeppelin,ZR 25,Zeppelin ZR 25,,,,False
697586ef20f6373f23030dfc,Zeppelin,ZR 35,Zeppelin ZR 35,,,,False
697586ef20f6373f23030dfd,Zeppelin,ZR 45,Zeppelin ZR 45,,,,False
697586ef20f6373f23030dfe,Zeppelin,ZR 55,Zeppelin ZR 55,,,,False
697586ef20f6373f23030dff,Zeppelin,ZRH 02,Zeppelin ZRH 02,,,,False
697586ef20f6373f23030e00,Zeppelin,ZRH 04,Zeppelin ZRH 04,,,,False
697586ef20f6373f23030e01,Zeppelin,ZRH 12,Zeppelin ZRH 12,,,,False
697586ef20f6373f23030e02,Zeppelin,ZRH 14,Zeppelin ZRH 14,,,,False
697586ef20f6373f23030e03,Zeppelin,ZRH 16,Zeppelin ZRH 16,,,,False
697586ef20f6373f23030e04,Zeppelin,ZRH 8,Zeppelin ZRH 8,,,,False
697586ef20f6373f23030e05,Zhenyu,ZY 55,Zhenyu ZY 55,,,,False
697586ef20f6373f23030ba2,Topcat,ZY55,Topcat ZY55,,,,False
697586ef20f6373f2303004a,EuroTrac,chasis M 13 (Undercarriage),EuroTrac chasis M 13 (Undercarriage),,,,False
697586ef20f6373f2303004b,EuroTrac,chasis T150 (Undercarriage),EuroTrac chasis T150 (Undercarriage),,,,False
697586ef20f6373f2303004c,EuroTrac,chasis T150 Old,EuroTrac chasis T150 Old,,,,False
697586ef20f6373f2303004d,EuroTrac,chasis T300 (Undercarriage),EuroTrac chasis T300 (Undercarriage),,,,False
697586ef20f6373f2303004e,EuroTrac,chasis T300 Old (Undercarriage),EuroTrac chasis T300 Old (Undercarriage),,,,False
697586ef20f6373f2303004f,EuroTrac,chasis T4  (Undercarriage),EuroTrac chasis T4  (Undercarriage),,,,False
697586ef20f6373f23030050,EuroTrac,chasis T4 Old  (Undercarriage),EuroTrac chasis T4 Old  (Undercarriage),,,,False
697586ef20f6373f23030051,EuroTrac,chasis T500  (Undercarriage),EuroTrac chasis T500  (Undercarriage),,,,False
697586ef20f6373f23030052,EuroTrac,chasis T500 Old (Undercarriage),EuroTrac chasis T500 Old (Undercarriage),,,,False
697586ef20f6373f2303099e,Piccini,mini 22,Piccini mini 22,,,,False
697586ef20f6373f2303099f,Piccini,minicar 300,Piccini minicar 300,,,,False
697586ef20f6373f230309a0,Piccini,minicar 500,Piccini minicar 500,,,,False
697586ef20f6373f230309a1,Piccini,minicat 13,Piccini minicat 13,,,,False
697586ef20f6373f230309a2,Piccini,minicat 20,Piccini minicat 20,,,,False
697586ef20f6373f230309a3,Piccini,minicat 22,Piccini minicat 22,,,,False
