Brand,Model,Series
Yanmar,B 03,B Series
Yanmar,B 03 Scopy,B Series
Yanmar,B 05,B Series
Yanmar,B 05 Scopy,B Series
Yanmar,B 05R Scopy,B Series
Yanmar,B 05SV,B Series
Yanmar,B 158,B Series
Yanmar,B 22,B Series
Yanmar,B 22-2,B Series
Yanmar,B 22-2A,B Series
Yanmar,B 22-2CR,B Series
Yanmar,B 25,B Series
Yanmar,B 27 (New),B Series
Yanmar,B 27 (old),B Series
Yanmar,B 27-1,B Series
Yanmar,B 27-2,B Series
Yanmar,B 2U,B Series
Yanmar,B 2V,B Series
Yanmar,B 2X,B Series
Yanmar,B 2X-1,B Series
Yanmar,B 3 (New),B Series
Yanmar,B 3 (old),B Series
Yanmar,B 3-2,B Series
Yanmar,B 31,B Series
Yanmar,B 32,B Series
Yanmar,B 32-2,B Series
Yanmar,B 37 (new),B Series
Yanmar,B 37 (old),B Series
Yanmar,B 37-1,B Series
Yanmar,B 37-2,B Series
Yanmar,B 37-2A,B Series
Yanmar,B 43,B Series
Yanmar,B 5,B Series
Yanmar,B 5-1,B Series
Yanmar,B 5-2,B Series
Yanmar,B 50,B Series
Yanmar,B 50-1,B Series
Yanmar,B 50-2,B Series
Yanmar,B 50-2A,B Series
Yanmar,B 50M,B Series
Yanmar,B 6,B Series
Yanmar,B 6U,B Series
Yanmar,B 7,B Series
Yanmar,B-5X,B Series
Yanmar,VIO 30,VIO Series
Yanmar,VIO 350,VIO Series
Yanmar,VIO 40,VIO Series
Yanmar,VIO 40-CR,VIO Series
Yanmar,VIO 40-PC,VIO Series
Yanmar,VIO 40-PR,VIO Series
Yanmar,VIO 50,VIO Series
Yanmar,VIO 50-CR,VIO Series
Yanmar,VIO 50-PR,VIO Series
Yanmar,YB 191,YB Series
Yanmar,YB 20,YB Series
Yanmar,YB 201,YB Series
Yanmar,YB 221,YB Series
Yanmar,YB 231,YB Series
Yanmar,YB 241,YB Series
Yanmar,YB 241Z,YB Series
Yanmar,YB 251,YB Series
Yanmar,YB 27,YB Series
Yanmar,YB 271,YB Series
Yanmar,YB 271 (New),YB Series
Yanmar,YB 271 (old),YB Series
Yanmar,YB 271.30,YB Series
Yanmar,YB 281,YB Series
Yanmar,YB 281X,YB Series
Yanmar,YB 281X-2,YB Series
Yanmar,YB 281XR,YB Series
Yanmar,YB 301,YB Series
Yanmar,YB 301-2U,YB Series
Yanmar,YB 32,YB Series
Yanmar,YB 351,YB Series
Yanmar,YB 352,YB Series
Yanmar,YB 401,YB Series
Yanmar,YB 451,YB Series
Yanmar,YB 501,YB Series
Yanmar,YB 551,YB Series
Yanmar,YB 551X-B,YB Series
Kubota,K 005,K Series
Kubota,K 022 (Lotus root),K Series
Kubota,K 030-3 (Lotus root),K Series
Kubota,K 50SR,K Series
Kubota,KH 005,KH Series
Kubota,KX 005,KX Series
Kubota,KX 191,KX Series
Kubota,KX 41SRV-1,KX Series
Kubota,KX 60-2,KX Series
Kubota,KX 60-3,KX Series
