record_id,import_batch,launch_priority,brand,part_category,part_subtype,primary_part_number,alt_part_numbers,superseded_part_numbers,oem_equivalent,product_name,compatible_models_text,compatible_models,equipment_type,track_sizes,serial_ranges,chassis_mount_notes,serial_notes,position_notes,installation_notes,wear_indicators,fitment_notes,confidence,imported_by_rtw,sold_by_rtw,owner_approved,verification_notes,source_urls,last_verified,publish_status,index_status,sitemap_include,date_added,date_modified,slug,seo_title,seo_h1,seo_h2,meta_description,canonical_type,breadcrumb_label,page_intro,custom_fitment_notes,wear_patterns,replacement_symptoms,operating_environments,installation_guidance,maintenance_notes,oem_references,terrain_applications,expert_tips,related_sprockets,related_rollers,related_idlers,related_carrier_rollers,related_track_sizes,price_tier,has_quantity_pricing,supplier_sku,supplier_name,lead_time_days,stock_status,seo_title_override,meta_description_override,verification_source
UP-0001,LAUNCH-V1,1,Kubota,roller,bottom,V0511-25104,V0511-25100,,V0511-25104,Kubota SVL75 and SVL90 compact track loaders bottom rollers,"Kubota SVL65-2, SVL75, SVL90, SVL95-2S, SVL97-2",SVL65-2|SVL75|SVL90|SVL95-2S|SVL97-2,compact-track-loader,320x86x52|380x86x52,,,,,Requires 2 per machine. Torque bolts to 65 ft-lbs.,Check roller diameter - replace when worn below 4.5 inches.,Direct OEM fit. No modifications required.,verified-imported-sold,YES,YES,YES,User-confirmed: imported and sold with no known issue.,https://store.rubbertrax.com/|https://www.rubbertrax.com/,2024-01-15,published,YES,YES,2024-01-01,2024-01-15,kubota-v0511-25104-bottom-roller,"Kubota V0511-25104 Bottom Roller for SVL65, SVL75, SVL90 & SVL95",Kubota Bottom Roller V0511-25104,Compatible with SVL65-2 through SVL97-2,"In-stock Kubota Bottom Roller V0511-25104. Fits SVL65-2, SVL75, SVL90, SVL95-2S, SVL97-2. Wholesale pricing from Houston.",part,V0511-25104 Bottom Roller,The Kubota V0511-25104 bottom roller is a direct OEM replacement for Kubota SVL-series compact track loaders. This premium quality roller ensures smooth track operation and extended undercarriage life.,Verified fitment for all SVL65-2 through SVL97-2 models. 2 rollers required per machine.,Uneven wear patterns across roller surface indicate misalignment. Flat spots suggest debris damage or overloading.,Replace when: roller diameter below 4.5 inches; visible flat spots; excessive play in bearings; grinding noise during operation.,"Performs well in construction, landscaping, agriculture, and forestry applications. Rated for rocky terrain and demolition work.",1. Raise machine on stands. 2. Remove track tension. 3. Remove mounting bolts. 4. Install new roller. 5. Torque to 65 ft-lbs. 6. Restore track tension.,Inspect every 250 hours. Clean debris from roller area. Check for oil leaks from seals.,OEM Part: V0511-25104. Also known as: V0511-25100 (superseded),All terrain types: mud; rock; sand; concrete; asphalt. Heavy-duty construction rated.,Always replace rollers in pairs for even wear. Check idler and sprocket condition when replacing rollers.,UP-0011,UP-0002|UP-0003,UP-0021,,320x86x52|380x86x52,standard,YES,,,3.0,in-stock,,,
UP-0002,LAUNCH-V1,1,CAT,roller,bottom,304-1890,536-3549|389-7624,,304-1890,CAT 259D Bottom Roller,"259D, 279D, 289D, 299D, 259B3, 259D3, 279D3, 289D3, 299D3",259D|279D|289D|299D|259B3|259D3|279D3|289D3|299D3,compact-track-loader,,,,,,Standard installation. Requires roller removal tool.,Measure center flange - replace when worn to less than spec.,Fits all listed models without modification.,verified-imported-sold,YES,YES,YES,User-confirmed: imported and sold.,https://store.rubbertrax.com/|https://www.flundercarriage.com/,2024-01-15,published,YES,YES,2024-01-01,2024-01-15,cat-304-1890-bottom-roller,"CAT 304-1890 Bottom Roller for 259D, 279D, 289D & 299D",CAT Bottom Roller 304-1890,Compatible with CAT 200 and 300 Series CTLs,"In-stock CAT Bottom Roller 304-1890. Fits 259D, 279D, 289D, 299D series. Wholesale pricing from Houston.",part,304-1890 Bottom Roller,The CAT 304-1890 bottom roller is a premium replacement for Caterpillar compact track loaders. Dual flange design ensures proper track alignment.,Verified fitment for CAT 259/279/289/299 D-series and B3/D3 variants.,Center flange wear indicates normal operation. Edge wear suggests track misalignment or tensioning issues.,Replace when: flange height below specification; bearing play exceeds tolerance; seal leakage visible.,"Rated for heavy construction, demolition, and material handling. Excellent in abrasive conditions.",1. Support machine safely. 2. Release track tension. 3. Remove retaining hardware. 4. Slide out old roller. 5. Install new roller. 6. Restore tension.,Clean undercarriage after each shift. Inspect rollers during daily walkaround.,OEM Part: 304-1890. Cross-references: 536-3549 (early); 389-7624 (alternate).,Construction and demolition rated. Handles concrete; asphalt; rocky terrain.,Pair with genuine CAT idlers and sprockets for optimal performance. Monitor track tension daily.,UP-0012,UP-0001|UP-0003,UP-0022,,,standard,YES,,,3.0,in-stock,,,
UP-0003,LAUNCH-V1,1,Bobcat,roller,bottom,7199389,6811586,,7199389,Bobcat T650 Bottom Roller,"T550, T590, T595, T630, T650, T740, T750, T770, T870",T550|T590|T595|T630|T650|T740|T750|T770|T870,compact-track-loader,,,,,,Uses standard Bobcat mounting pattern.,Check for flat spots and excessive play.,Compatible with all T-series listed.,verified-imported-sold,YES,YES,YES,User-confirmed: imported and sold with no known issue.,https://store.rubbertrax.com/,2024-01-15,published,YES,YES,2024-01-01,2024-01-15,bobcat-7199389-bottom-roller,"Bobcat 7199389 Bottom Roller for T550, T650, T770 & T870",Bobcat Bottom Roller 7199389,Compatible with Bobcat T-Series 550-870,In-stock Bobcat Bottom Roller 7199389. Fits T550 through T870 series. Wholesale pricing from Houston.,part,7199389 Bottom Roller,The Bobcat 7199389 bottom roller provides reliable support for Bobcat T-series compact track loaders. Precision-machined for proper track engagement.,Verified fitment for Bobcat T550 through T870 models. Standard mounting pattern.,Wear concentrated on one side indicates track misalignment. Even wear is normal operation.,Replace when: visible flat spots; bearing noise; wobble during rotation; seal leakage.,Landscaping; agriculture; construction; snow removal. Multi-terrain capable.,Standard Bobcat installation procedure. Refer to service manual for torque specifications.,Regular cleaning extends roller life. Inspect seals for debris intrusion.,OEM Part: 7199389. Supersedes: 6811586.,All standard terrain types. Not rated for extreme rocky conditions without track guards.,Keep tracks properly tensioned to reduce roller wear. Replace in pairs when possible.,UP-0013,UP-0001|UP-0002,UP-0023,,,standard,YES,,,3.0,in-stock,,,
staged-001,rubbertrax-research-55,staged,Bobcat,roller,bottom,6693239,7233399; 6732901; 6689371,Previous solid mount post/nut version is 6732901; regular bolt-style solid mount roller is 6689371.,,Bobcat Suspension Mount Bottom Roller 6693239 - Low Serials,"Bobcat T180, T190, T250, T320, T550, T590, T630, T650, T750, T770 with suspension undercarriage / applicable serial ranges",,compact-track-loader,,,Suspension undercarriage / leaf-spring suspension system; newer suspension mount style; bolts sold separately. Not interchangeable with solid mount.,"T550: A7UJ11001+ and AJZV11001+; if AJZV14001-AJZV14999 or AJZV15001+ use 7233399. T590: A3NR11001-A3NR15598, A3NS11001-A3NS11999, ALJU11001-ALJU16824, B37811001-B37811103; higher serial ranges use 7233399. T320/T630/T650/T750/T770 have serial-specific ranges.",,STAGED research row - verify before publishing,,,verified-researched,,,NO,,,,staged,NO,NO,,,,,Bobcat Suspension Mount Bottom Roller 6693239 - Low Serials,,,,,,Use as staged RubberTrax-verified enrichment. Create public part page only after owner sets should_publish_part_page=YES.,,,,,,,,,,,,,,,,,,,,Bobcat 6693239 Bottom Roller | Rubber Track Wholesale,Replacement bottom roller 6693239 for Bobcat machines. Verify serial number and fitment before ordering. Call Rubber Track Wholesale for help.,RubberTrax research
staged-002,rubbertrax-research-55,staged,Bobcat,roller,bottom,6698047,7323310,RubberTrax says 7323310 is not interchangeable with smaller/previous Bobcat track loader rollers.,,Bobcat T870 Suspension Mount Bottom Roller,Bobcat T870 torsion / suspension mount track loader; lower serial ranges before B47 break,,compact-track-loader,,,T870 torsion/suspension mount system. Verify solid vs suspension mount.,"Prior to B47 serial break used 6698047; B47C11001+, B47L11001+, B47H11001+ use 7323310.",,STAGED research row - verify before publishing,,,verified-researched,,,NO,,,,staged,NO,NO,,,,,Bobcat T870 Suspension Mount Bottom Roller,,,,,,Use as staged RubberTrax-verified enrichment. Create public part page only after owner sets should_publish_part_page=YES.,,,,,,,,,,,,,,,,,,,,Bobcat 6698047 Bottom Roller | Rubber Track Wholesale,Replacement bottom roller 6698047 for Bobcat machines. Verify serial number and fitment before ordering. Call Rubber Track Wholesale for help.,RubberTrax research
staged-003,rubbertrax-research-55,staged,Bobcat,roller,bottom,6732901,6689371; 6686632; 31C1224 bolts,6689371/6686632 are common dealer part numbers; bolt hardware may be 31C1224.,,Bobcat CTL Bolt Style Bottom Roller / rigid mount family,"Bobcat T140, T180, T190, T200, T250, T300, T320, T550, T590, T630, T650, T750, T770, 864",,compact-track-loader,,,Solid mount / rigid mount CTL bottom roller; newer bolt option; prior version post/nut 6732901. Not for suspension mount.,"T630 AJDT11001-AJDT12076 solid mount; T550 A7UJ11001+ / AJZV11001-AJZV13999; T590 A3NR11001-A3NR15598, A3NS11001-A3NS11999, ALJU11001-ALJU16824, B37811001-B37811103; T750 ANKA11001+ / ATF611001+; T770 requires serial/type verification.",,STAGED research row - verify before publishing,,,verified-researched,,,NO,,,,staged,NO,NO,,,,,Bobcat CTL Bolt Style Bottom Roller / rigid mount family,,,,,,Use as staged RubberTrax-verified enrichment. Create public part page only after owner sets should_publish_part_page=YES.,,,,,,,,,,,,,,,,,,,,Bobcat 6732901 Bottom Roller | Rubber Track Wholesale,Replacement bottom roller 6732901 for Bobcat machines. Verify serial number and fitment before ordering. Call Rubber Track Wholesale for help.,RubberTrax research
staged-004,rubbertrax-research-55,staged,Bobcat,roller,bottom,6800510,6815115; 6814878; 6533654,"Source was Summit Rubber Tracks / Parts ASAP, not RubberTrax.",,Bobcat 6800510 Bottom Roller,"Bobcat 220; Bobcat mini excavators 220, 320, 320D, 320J, 322, 322D, 322G, 323",,compact-track-loader,,,Nut mounted,,,STAGED research row - verify before publishing,,,verified-researched,,,NO,,,,staged,NO,NO,,,,,Bobcat 6800510 Bottom Roller,,,,,,Non-RubberTrax source; do not publish unless owner manually approves.,,,,,,,,,,,,,,,,,,,,Bobcat 6800510 Bottom Roller | Rubber Track Wholesale,Replacement bottom roller 6800510 for Bobcat machines. Verify serial number and fitment before ordering. Call Rubber Track Wholesale for help.,RubberTrax research
staged-005,rubbertrax-research-55,staged,Bobcat,roller,bottom,6814874,6815111; 7136983,Shaft threading M16; max torque 250 Nm / 185 ft-lb noted by RubberTrax.,,Bobcat 320/322 Bottom Track Roller; Bobcat 335/430 Carrier Roller,"Bottom roller: Bobcat 320D, 320E, 320G, 320J, 320L, 322D, 322E, 322G, 322J, 322L. Top/carrier roller: Bobcat 335, 430.",,compact-track-loader,,,Bottom roller for Bobcat 320/322; carrier/top roller on Bobcat 335/430; phased out/replaced by 7136983 bolt-type installation.,Does not fit serial numbers 511720000-5117300000; rubber-track-original undercarriages only; verify serial.,,STAGED research row - verify before publishing,,,verified-researched,,,NO,,,,staged,NO,NO,,,,,Bobcat 320/322 Bottom Track Roller; Bobcat 335/430 Carrier Roller,,,,,,Use as staged RubberTrax-verified enrichment. Create public part page only after owner sets should_publish_part_page=YES.,,,,,,,,,,,,,,,,,,,,Bobcat 6814874 Bottom Roller | Rubber Track Wholesale,Replacement bottom roller 6814874 for Bobcat machines. Verify serial number and fitment before ordering. Call Rubber Track Wholesale for help.,RubberTrax research
staged-006,rubbertrax-research-55,staged,Bobcat,roller,bottom,6814882,6815119; 7013575; 7013581; 7019167; 6810770,Shaft threading 3/4 UNC; max torque 425 Nm / 310 ft-lb noted by RubberTrax.,,Bobcat 331/335/430 Mini Excavator Bottom Roller,"Bobcat 225, 231, 325, 328, 331, 334, 335, 430, E26, E32, E37, E42, E50. Also upper/carrier roller for Bobcat 337, 442, ZX75.",,compact-track-loader,,,Bottom center roller; older nut/stud vs newer bolt style can matter. 7013575 is newer bolt style.,Steel track machines may use alternate roller 6814886.,,STAGED research row - verify before publishing,,,verified-researched,,,NO,,,,staged,NO,NO,,,,,Bobcat 331/335/430 Mini Excavator Bottom Roller,,,,,,Use as staged RubberTrax-verified enrichment. Create public part page only after owner sets should_publish_part_page=YES.,,,,,,,,,,,,,,,,,,,,Bobcat 6814882 Bottom Roller | Rubber Track Wholesale,Replacement bottom roller 6814882 for Bobcat machines. Verify serial number and fitment before ordering. Call Rubber Track Wholesale for help.,RubberTrax research
staged-007,rubbertrax-research-55,staged,Bobcat,roller,bottom,6814890,6815127; 6693496; 7013577; 7279612,Five bottom rollers per side on Bobcat 337 noted by RubberTrax.,,Bobcat 337/341/435 Bottom Roller,"Bobcat 337, 337D, X337, 341, 341G, 435, X435",,compact-track-loader,,,Previous generation threaded post/nut-style roller; superseded to bolt-type 7013577 / 7279612.,,,STAGED research row - verify before publishing,,,verified-researched,,,NO,,,,staged,NO,NO,,,,,Bobcat 337/341/435 Bottom Roller,,,,,,Use as staged RubberTrax-verified enrichment. Create public part page only after owner sets should_publish_part_page=YES.,,,,,,,,,,,,,,,,,,,,Bobcat 6814890 Bottom Roller | Rubber Track Wholesale,Replacement bottom roller 6814890 for Bobcat machines. Verify serial number and fitment before ordering. Call Rubber Track Wholesale for help.,RubberTrax research
staged-008,rubbertrax-research-55,staged,Bobcat,roller,bottom,7013577,7279612; 6814890; 7314059,RubberTrax says typically five bottom rollers per side on E45 (ten per machine).,,Bobcat E45-E55 Bottom Roller 7013577 / 7279612,"Bobcat E45, E50, E55; also Bobcat 337 through 435.",,compact-track-loader,,,Newer bolt-style bottom roller; older stud/nut style available separately.,E50 B4GP11001+ requires outside guide roller. Does not fit E50z or E55z. Steel-track models may have alternate rollers; 7314059 is dual flange version for newer serials not listed.,,STAGED research row - verify before publishing,,,verified-researched,,,NO,,,,staged,NO,NO,,,,,Bobcat E45-E55 Bottom Roller 7013577 / 7279612,,,,,,Use as staged RubberTrax-verified enrichment. Create public part page only after owner sets should_publish_part_page=YES.,,,,,,,,,,,,,,,,,,,,Bobcat 7013577 Bottom Roller | Rubber Track Wholesale,Replacement bottom roller 7013577 for Bobcat machines. Verify serial number and fitment before ordering. Call Rubber Track Wholesale for help.,RubberTrax research
staged-009,rubbertrax-research-55,staged,Bobcat,roller,bottom,7004933,,,,,,,compact-track-loader,,,,,,STAGED research row - verify before publishing,,,verified-researched,,,NO,,,,staged,NO,NO,,,,,Bobcat 7004933 Bottom Roller,,,,,,RubberTrax URL present but extraction not completed/verified; do not publish part page.,,,,,,,,,,,,,,,,,,,,,,RubberTrax research
staged-010,rubbertrax-research-55,staged,Bobcat,roller,bottom,7013575,,,,,,,compact-track-loader,,,,,,STAGED research row - verify before publishing,,,verified-researched,,,NO,,,,staged,NO,NO,,,,,Bobcat 7013575 Bottom Roller,,,,,,RubberTrax URL present but extraction not completed/verified; do not publish part page.,,,,,,,,,,,,,,,,,,,,,,RubberTrax research
staged-011,rubbertrax-research-55,staged,Bobcat,roller,bottom,7022649,,,,,,,compact-track-loader,,,,,,STAGED research row - verify before publishing,,,verified-researched,,,NO,,,,staged,NO,NO,,,,,Bobcat 7022649 Bottom Roller,,,,,,RubberTrax URL present but extraction not completed/verified; do not publish part page.,,,,,,,,,,,,,,,,,,,,,,RubberTrax research
staged-012,rubbertrax-research-55,staged,Bobcat,sprocket,sprocket,7111447,,Outside diameter 12-1/4 in; keyway diameter 1-3/4 in. RubberTrax recommends changing sprockets with tracks when worn.,,Bobcat T110 Drive Sprocket 7111447,Bobcat T110 mini track loader; Baumalight TRL620D noted as interchangeable,,compact-track-loader,,,Drive sprocket; one per side.,,,STAGED research row - verify before publishing,,,verified-researched,,,NO,,,,staged,NO,NO,,,,,Bobcat T110 Drive Sprocket 7111447,,,,,,Use as staged RubberTrax-verified enrichment. Create public part page only after owner sets should_publish_part_page=YES.,,,,,,,,,,,,,,,,,,,,Bobcat 7111447 Sprocket Sprocket | Rubber Track Wholesale,Replacement sprocket sprocket 7111447 for Bobcat machines. Verify serial number and fitment before ordering. Call Rubber Track Wholesale for help.,RubberTrax research
staged-013,rubbertrax-research-55,staged,Bobcat,roller,bottom,7165324,7145234,Related sprocket 7134493 mentioned by RubberTrax.,,Bobcat 418/E08/E10 Bottom Roller 7165324,"Bobcat 418, E08, E10, E10E, E10Z",,compact-track-loader,,,Bottom roller assembly; comes fully assembled with bearing but shaft typically reusable; bolts not included.,,,STAGED research row - verify before publishing,,,verified-researched,,,NO,,,,staged,NO,NO,,,,,Bobcat 418/E08/E10 Bottom Roller 7165324,,,,,,Use as staged RubberTrax-verified enrichment. Create public part page only after owner sets should_publish_part_page=YES.,,,,,,,,,,,,,,,,,,,,Bobcat 7165324 Bottom Roller | Rubber Track Wholesale,Replacement bottom roller 7165324 for Bobcat machines. Verify serial number and fitment before ordering. Call Rubber Track Wholesale for help.,RubberTrax research
staged-014,rubbertrax-research-55,staged,Bobcat,roller,bottom,7233399,6693239,Call/verify serial before ordering.,,Bobcat Suspension Mount Bottom Roller 7233399 - High Serials,"Bobcat T550, T590, T595, T630, T650, T750, T770 with suspension undercarriage",,compact-track-loader,,,Suspension undercarriage; high-serial roller assembly.,Fits AJZV14001-AJZV14999 or AJZV15001+; if A7UJ11001+ or AJZV11001+ use 6693239.,,STAGED research row - verify before publishing,,,verified-researched,,,NO,,,,staged,NO,NO,,,,,Bobcat Suspension Mount Bottom Roller 7233399 - High Serials,,,,,,Use as staged RubberTrax-verified enrichment. Create public part page only after owner sets should_publish_part_page=YES.,,,,,,,,,,,,,,,,,,,,Bobcat 7233399 Bottom Roller | Rubber Track Wholesale,Replacement bottom roller 7233399 for Bobcat machines. Verify serial number and fitment before ordering. Call Rubber Track Wholesale for help.,RubberTrax research
staged-015,rubbertrax-research-55,staged,Bobcat,sprocket,drive,7107787,7165109; 7107786; 6715821; 7196807; 7227421,Older 6715821 is 4-7/8 inch shallow version; 7196807 and 7227421 are other options.,,Bobcat T300 Series CTL Deep Drive Sprocket 7107787,"Bobcat T200, T250, T300, T320, T630, T650 single speed, T740, T750 single speed, T770, T870 single speed up to B47C110000",,compact-track-loader,,,"Deep/dished 6-inch depth sprocket for newer wide final-drive motor; 17 teeth, 6 bolt holes, 6-1/4 in inside mounting diameter, 18-1/2 in outside diameter.","T740/T770/T870 have multiple sprocket options; verify serial, bolt holes and depth. T870 single speed up to B47C110000.",,STAGED research row - verify before publishing,,,verified-researched,,,NO,,,,staged,NO,NO,,,,,Bobcat T300 Series CTL Deep Drive Sprocket 7107787,,,,,,Use as staged RubberTrax-verified enrichment. Create public part page only after owner sets should_publish_part_page=YES.,,,,,,,,,,,,,,,,,,,,Bobcat 7107787 Drive Sprocket | Rubber Track Wholesale,Replacement drive sprocket 7107787 for Bobcat machines. Verify serial number and fitment before ordering. Call Rubber Track Wholesale for help.,RubberTrax research
staged-016,rubbertrax-research-55,staged,CAT,roller,bottom,139-6261,232-4466,"Related parts: sprocket 139-4304, idler 226-4049, bottom roller 232-4466.",,Caterpillar 301.5/301.6/301.8 Bottom Track Roller 139-6261,"Cat 301.5, 301.6, 301.6C, 301.8, 301.8C; Mitsubishi MM15",,compact-track-loader,,,Mini excavator bottom roller; hardware not included.,Lower serial numbers; Cat 301.5 up to 3YW13759. Higher serial ranges require 232-4466.,,STAGED research row - verify before publishing,,,verified-researched,,,NO,,,,staged,NO,NO,,,,,Caterpillar 301.5/301.6/301.8 Bottom Track Roller 139-6261,,,,,,Use as staged RubberTrax-verified enrichment. Create public part page only after owner sets should_publish_part_page=YES.,,,,,,,,,,,,,,,,,,,,CAT 139-6261 Bottom Roller | Rubber Track Wholesale,Replacement bottom roller 139-6261 for CAT machines. Verify serial number and fitment before ordering. Call Rubber Track Wholesale for help.,RubberTrax research
staged-017,rubbertrax-research-55,staged,CAT,roller,bottom,158-4765,,,,,,,compact-track-loader,,,,,,STAGED research row - verify before publishing,,,verified-researched,,,NO,,,,staged,NO,NO,,,,,CAT 158-4765 Bottom Roller,,,,,,RubberTrax URL present but extraction not completed/verified; do not publish part page.,,,,,,,,,,,,,,,,,,,,,,RubberTrax research
staged-018,rubbertrax-research-55,staged,CAT,roller,bottom,185-7280,,"Related Cat 302.5/303.5 undercarriage includes idlers 140-4009/172-2017, sprockets 140-4022/172-1965, top roller 146-6064.",,Cat 302.5/303.5/303CR Bottom Roller 185-7280,"Caterpillar 302.5, 303.5, 303CR; Mitsubishi MM25, MM35",,compact-track-loader,,,"Single flange roller, approx. 4-3/4 in diameter; 302.5 uses six rollers; 303.5/303CR use eight rollers. 10mm bolts not included.",,,STAGED research row - verify before publishing,,,verified-researched,,,NO,,,,staged,NO,NO,,,,,Cat 302.5/303.5/303CR Bottom Roller 185-7280,,,,,,Use as staged RubberTrax-verified enrichment. Create public part page only after owner sets should_publish_part_page=YES.,,,,,,,,,,,,,,,,,,,,CAT 185-7280 Bottom Roller | Rubber Track Wholesale,Replacement bottom roller 185-7280 for CAT machines. Verify serial number and fitment before ordering. Call Rubber Track Wholesale for help.,RubberTrax research
staged-019,rubbertrax-research-55,staged,CAT,roller,bottom,1857280,,,,,,,compact-track-loader,,,,,,STAGED research row - verify before publishing,,,verified-researched,,,NO,,,,staged,NO,NO,,,,,CAT 1857280 Bottom Roller,,,,,,RubberTrax URL present but extraction not completed/verified; do not publish part page.,,,,,,,,,,,,,,,,,,,,,,RubberTrax research
staged-020,rubbertrax-research-55,staged,CAT,roller,bottom,265-7674,422-0837,Superseded to 422-0837.,,Cat 304C CR / 305C CR Bottom Roller 265-7674,"Caterpillar 304CCR, 305CCR, 305DCR, 305ECR, 305E2, 305E2CR, 305.5D, 305.5DCR, 305.5E, 305.5E2, 305.5ECR, 303.5E2CR, 305.5E2FB, 306E2FB",,compact-track-loader,,,Single flange center guide bottom roller; bolts to track frame with two bolts.,305E2CR S/N DJX/H5M; 305.5D S/N FLZ; 305.5E2 S/N EJX/CR5; 305.5E2FB S/N WE2; 306E2FB S/N E2W noted by RubberTrax.,,STAGED research row - verify before publishing,,,verified-researched,,,NO,,,,staged,NO,NO,,,,,Cat 304C CR / 305C CR Bottom Roller 265-7674,,,,,,Use as staged RubberTrax-verified enrichment. Create public part page only after owner sets should_publish_part_page=YES.,,,,,,,,,,,,,,,,,,,,CAT 265-7674 Bottom Roller | Rubber Track Wholesale,Replacement bottom roller 265-7674 for CAT machines. Verify serial number and fitment before ordering. Call Rubber Track Wholesale for help.,RubberTrax research
staged-021,rubbertrax-research-55,staged,CAT,roller,bottom,266-8793,266-8793; 468-7455,RubberTrax says 266-8793 is superseded by Cat dealer part number 468-7455.,,Caterpillar 302.5C / 303CCR Bottom Roller 266-8793,"Cat 302.5C, 303CCR, 303ECR, 303.5C, 303.5CCR, 303.5D, 303.5DCR, 303.5E, 303.5ECR, 303.5E2CR, 304DCR, 304E, 304ECR, 304E2CR, 304.5E2 CR XTC",,compact-track-loader,,,Center flange inside-guide bottom roller; bolts not included.,No specific serial break extracted from page text; verify by serial before ordering.,,STAGED research row - verify before publishing,,,verified-researched,,,NO,,,,staged,NO,NO,,,,,Cat 302.5C / 303.5C Bottom Roller 266-8793,,,,,,Use as staged RubberTrax-verified enrichment. Create public part page only after owner sets should_publish_part_page=YES.,,,,,,,,,,,,,,,,,,,,Cat 266-8793 Bottom Roller | Rubber Track Wholesale,"Replacement bottom roller 266-8793 for Cat 302.5C, 303CCR, 303.5C and related mini excavators. Verify serial number and fitment before ordering.",RubberTrax research
staged-022,rubbertrax-research-55,staged,CAT,roller,bottom,372-5926,372-5926; 372-5958; 527-3878,Original part number 372-5926 superseded by 527-3878; 372-5958 also listed.,,Caterpillar 300.9D Bottom Roller 372-5926 / 527-3878,"Cat 300.9D S/N LJ2; Cat 300.9D VPS S/N TGP, DW2",,compact-track-loader,,,Mini excavator bottom roller; includes installation hardware per RubberTrax text.,RubberTrax states fitment is for the specified 300.9D serial breaks; verify serial before ordering.,,STAGED research row - verify before publishing,,,verified-researched,,,NO,,,,staged,NO,NO,,,,,Cat 300.9D Bottom Roller 372-5926 / 527-3878,,,,,,Use as staged RubberTrax-verified enrichment. Create public part page only after owner sets should_publish_part_page=YES.,,,,,,,,,,,,,,,,,,,,Cat 372-5926 Bottom Roller | Rubber Track Wholesale,Replacement bottom roller 372-5926 / 527-3878 for Cat 300.9D mini excavators. Verify serial number and fitment before ordering.,RubberTrax research
staged-023,rubbertrax-research-55,staged,CAT,roller,bottom,381-3040,,,,,,,compact-track-loader,,,,,,STAGED research row - verify before publishing,,,verified-researched,,,NO,,,,staged,NO,NO,,,,,CAT 381-3040 Bottom Roller,,,,,,RubberTrax URL present but extraction not completed/verified; do not publish part page.,,,,,,,,,,,,,,,,,,,,,,RubberTrax research
staged-024,rubbertrax-research-55,staged,CAT,roller,bottom,386-0791,,,,,,,compact-track-loader,,,,,,STAGED research row - verify before publishing,,,verified-researched,,,NO,,,,staged,NO,NO,,,,,CAT 386-0791 Bottom Roller,,,,,,RubberTrax URL present but extraction not completed/verified; do not publish part page.,,,,,,,,,,,,,,,,,,,,,,RubberTrax research
staged-025,rubbertrax-research-55,staged,CAT,roller,bottom,422-0837,265-7674,422-0837 is supersession from 265-7674.,,Cat 304C CR / 305C CR Bottom Roller 422-0837,Same page as 265-7674: Cat 304/305/305.5/306E2 family listed,,compact-track-loader,,,Single flange center guide bottom roller.,See 265-7674 serial notes.,,STAGED research row - verify before publishing,,,verified-researched,,,NO,,,,staged,NO,NO,,,,,Cat 304C CR / 305C CR Bottom Roller 422-0837,,,,,,Use as staged RubberTrax-verified enrichment. Create public part page only after owner sets should_publish_part_page=YES.,,,,,,,,,,,,,,,,,,,,CAT 422-0837 Bottom Roller | Rubber Track Wholesale,Replacement bottom roller 422-0837 for CAT machines. Verify serial number and fitment before ordering. Call Rubber Track Wholesale for help.,RubberTrax research
staged-026,rubbertrax-research-55,staged,John Deere,roller,bottom,4340535,,,,,,,compact-track-loader,,,,,,STAGED research row - verify before publishing,,,verified-researched,,,NO,,,,staged,NO,NO,,,,,John Deere 4340535 Bottom Roller,,,,,,RubberTrax URL present but extraction not completed/verified; do not publish part page.,,,,,,,,,,,,,,,,,,,,,,RubberTrax research
staged-027,rubbertrax-research-55,staged,John Deere,roller,bottom,4357785,,,,,,,compact-track-loader,,,,,,STAGED research row - verify before publishing,,,verified-researched,,,NO,,,,staged,NO,NO,,,,,John Deere 4357785 Bottom Roller,,,,,,RubberTrax URL present but extraction not completed/verified; do not publish part page.,,,,,,,,,,,,,,,,,,,,,,RubberTrax research
staged-028,rubbertrax-research-55,staged,John Deere,roller,bottom,4640798,,,,,,,compact-track-loader,,,,,,STAGED research row - verify before publishing,,,verified-researched,,,NO,,,,staged,NO,NO,,,,,John Deere 4640798 Bottom Roller,,,,,,RubberTrax URL present but extraction not completed/verified; do not publish part page.,,,,,,,,,,,,,,,,,,,,,,RubberTrax research
staged-029,rubbertrax-research-55,staged,John Deere,roller,bottom,9237937,,,,,,,compact-track-loader,,,,,,STAGED research row - verify before publishing,,,verified-researched,,,NO,,,,staged,NO,NO,,,,,John Deere 9237937 Bottom Roller,,,,,,RubberTrax URL present but extraction not completed/verified; do not publish part page.,,,,,,,,,,,,,,,,,,,,,,RubberTrax research
staged-030,rubbertrax-research-55,staged,John Deere,roller,bottom,9239528,,,,,,,compact-track-loader,,,,,,STAGED research row - verify before publishing,,,verified-researched,,,NO,,,,staged,NO,NO,,,,,John Deere 9239528 Bottom Roller,,,,,,RubberTrax URL present but extraction not completed/verified; do not publish part page.,,,,,,,,,,,,,,,,,,,,,,RubberTrax research
staged-031,rubbertrax-research-55,staged,John Deere,roller,bottom,AT336091,,,,,,,compact-track-loader,,,,,,STAGED research row - verify before publishing,,,verified-researched,,,NO,,,,staged,NO,NO,,,,,John Deere AT336091 Bottom Roller,,,,,,RubberTrax URL present but extraction not completed/verified; do not publish part page.,,,,,,,,,,,,,,,,,,,,,,RubberTrax research
staged-032,rubbertrax-research-55,staged,Kubota,roller,bottom,RB511-21702,,,,,,,compact-track-loader,,,,,,STAGED research row - verify before publishing,,,verified-researched,,,NO,,,,staged,NO,NO,,,,,Kubota RB511-21702 Bottom Roller,,,,,,RubberTrax URL present but extraction not completed/verified; do not publish part page.,,,,,,,,,,,,,,,,,,,,,,RubberTrax research
staged-033,rubbertrax-research-55,staged,Kubota,roller,bottom,RC101-21803,,,,,,,compact-track-loader,,,,,,STAGED research row - verify before publishing,,,verified-researched,,,NO,,,,staged,NO,NO,,,,,Kubota RC101-21803 Bottom Roller,,,,,,RubberTrax URL present but extraction not completed/verified; do not publish part page.,,,,,,,,,,,,,,,,,,,,,,RubberTrax research
staged-034,rubbertrax-research-55,staged,Kubota,roller,bottom,RD101-99900,,,,,,,compact-track-loader,,,,,,STAGED research row - verify before publishing,,,verified-researched,,,NO,,,,staged,NO,NO,,,,,Kubota RD101-99900 Bottom Roller,,,,,,RubberTrax URL present but extraction not completed/verified; do not publish part page.,,,,,,,,,,,,,,,,,,,,,,RubberTrax research
staged-035,rubbertrax-research-55,staged,Kubota,roller,bottom,RD118-21700,RD118-21700,RubberTrax lists Kubota dealer part number RD118-21700.,,Kubota KX121-3 / KX040-4 Bottom Roller RD118-21700,"Kubota KX121-3, KX121-3SS, KX121-3ST, KX040-4",,compact-track-loader,,,Mini excavator bottom center roller; RubberTrax notes steel-track version is stocked separately/needs selection.,No serial break extracted from RubberTrax snippet; verify if steel-track version is required.,,STAGED research row - verify before publishing,,,verified-researched,,,NO,,,,staged,NO,NO,,,,,Kubota KX121-3 / KX040-4 Bottom Roller RD118-21700,,,,,,Use as staged RubberTrax-verified enrichment. Create public part page only after owner sets should_publish_part_page=YES.,,,,,,,,,,,,,,,,,,,,Kubota RD118-21700 Bottom Roller | Rubber Track Wholesale,Replacement bottom roller RD118-21700 for Kubota KX121-3 and KX040-4 mini excavators. Verify fitment before ordering.,RubberTrax research
staged-036,rubbertrax-research-55,staged,Kubota,roller,bottom,RD201-21700,,,,,,,compact-track-loader,,,,,,STAGED research row - verify before publishing,,,verified-researched,,,NO,,,,staged,NO,NO,,,,,Kubota RD201-21700 Bottom Roller,,,,,,Non-RubberTrax source; do not publish unless owner manually approves.,,,,,,,,,,,,,,,,,,,,,,RubberTrax research
staged-037,rubbertrax-research-55,staged,Kubota,roller,bottom,RD411-21700,RD411-21702; RD411-21703; RD441-21702; RD579-21700; RD461-21900,"RubberTrax lists RD411-21702, RD411-21703, RD441-21702, RD579-21700, RD461-21900.",,Kubota KX161-3 / U45-3 Bottom Roller RD411-21700,"Kubota KX161-3, U45-3, U40-3, KX057-4, U55-4",,compact-track-loader,,,Mini excavator bottom roller with sealed ball-bearing design and stainless steel shaft noted by RubberTrax.,No specific serial break extracted; verify model/configuration before ordering.,,STAGED research row - verify before publishing,,,verified-researched,,,NO,,,,staged,NO,NO,,,,,Kubota KX161-3 / U45-3 Bottom Roller RD411-21700,,,,,,Use as staged RubberTrax-verified enrichment. Create public part page only after owner sets should_publish_part_page=YES.,,,,,,,,,,,,,,,,,,,,Kubota RD411-21700 Bottom Roller | Rubber Track Wholesale,"Replacement bottom roller RD411-21700 for Kubota KX161-3, U45-3, KX057-4 and related mini excavators. Verify fitment before ordering.",RubberTrax research
staged-038,rubbertrax-research-55,staged,Kubota,roller,bottom,RD411-21703,RD411-21702; RD411-21703; RD441-21702; RD579-21700; RD461-21900,Cross-reference family includes RD411-21700/RD411-21702/RD411-21703 and related alternates.,,Kubota KX161-3 / U45-3 Bottom Roller RD411-21703,"Kubota KX161-3, U45-3, U40-3, KX057-4, U55-4",,compact-track-loader,,,Same RubberTrax page/family as RD411-21700; mini excavator bottom roller.,No specific serial break extracted; verify model/configuration before ordering.,,STAGED research row - verify before publishing,,,verified-researched,,,NO,,,,staged,NO,NO,,,,,Kubota KX161-3 / U45-3 Bottom Roller RD411-21703,,,,,,Use as staged RubberTrax-verified enrichment. Create public part page only after owner sets should_publish_part_page=YES.,,,,,,,,,,,,,,,,,,,,Kubota RD411-21703 Bottom Roller | Rubber Track Wholesale,"Replacement bottom roller RD411-21703 for Kubota KX161-3, U45-3, KX057-4 and related mini excavators. Verify fitment before ordering.",RubberTrax research
staged-039,rubbertrax-research-55,staged,Kubota,roller,bottom,RD809-21703,,,,,,,compact-track-loader,,,,,,STAGED research row - verify before publishing,,,verified-researched,,,NO,,,,staged,NO,NO,,,,,Kubota RD809-21703 Bottom Roller,,,,,,RubberTrax URL present but extraction not completed/verified; do not publish part page.,,,,,,,,,,,,,,,,,,,,,,RubberTrax research
staged-040,rubbertrax-research-55,staged,Kubota,roller,bottom,RG158-21700,,,,,,,compact-track-loader,,,,,,STAGED research row - verify before publishing,,,verified-researched,,,NO,,,,staged,NO,NO,,,,,Kubota RG158-21700 Bottom Roller,,,,,,RubberTrax URL present but extraction not completed/verified; do not publish part page.,,,,,,,,,,,,,,,,,,,,,,RubberTrax research
staged-041,rubbertrax-research-55,staged,Kubota,sprocket,drive,68621-14430,,,,,,,compact-track-loader,,,,,,STAGED research row - verify before publishing,,,verified-researched,,,NO,,,,staged,NO,NO,,,,,Kubota 68621-14430 Drive Sprocket,,,,,,RubberTrax URL present but extraction not completed/verified; do not publish part page.,,,,,,,,,,,,,,,,,,,,,,RubberTrax research
staged-042,rubbertrax-research-55,staged,Kubota,sprocket,drive,RC788-14430,,,,,,,compact-track-loader,,,,,,STAGED research row - verify before publishing,,,verified-researched,,,NO,,,,staged,NO,NO,,,,,Kubota RC788-14430 Drive Sprocket,,,,,,RubberTrax URL present but extraction not completed/verified; do not publish part page.,,,,,,,,,,,,,,,,,,,,,,RubberTrax research
staged-043,rubbertrax-research-55,staged,Kubota,sprocket,drive,RD809-14433,,,,,,,compact-track-loader,,,,,,STAGED research row - verify before publishing,,,verified-researched,,,NO,,,,staged,NO,NO,,,,,Kubota RD809-14433 Drive Sprocket,,,,,,RubberTrax URL present but extraction not completed/verified; do not publish part page.,,,,,,,,,,,,,,,,,,,,,,RubberTrax research
staged-044,rubbertrax-research-55,staged,Takeuchi,roller,bottom,03313-06100,,,,,,,compact-track-loader,,,,,,STAGED research row - verify before publishing,,,verified-researched,,,NO,,,,staged,NO,NO,,,,,Takeuchi 03313-06100 Bottom Roller,,,,,,RubberTrax URL present but extraction not completed/verified; do not publish part page.,,,,,,,,,,,,,,,,,,,,,,RubberTrax research
staged-045,rubbertrax-research-55,staged,Takeuchi,roller,bottom,03913-02100,,,,,,,compact-track-loader,,,,,,STAGED research row - verify before publishing,,,verified-researched,,,NO,,,,staged,NO,NO,,,,,Takeuchi 03913-02100 Bottom Roller,,,,,,RubberTrax URL present but extraction not completed/verified; do not publish part page.,,,,,,,,,,,,,,,,,,,,,,RubberTrax research
staged-046,rubbertrax-research-55,staged,Takeuchi,roller,bottom,04313-00500,,,,,,,compact-track-loader,,,,,,STAGED research row - verify before publishing,,,verified-researched,,,NO,,,,staged,NO,NO,,,,,Takeuchi 04313-00500 Bottom Roller,,,,,,RubberTrax URL present but extraction not completed/verified; do not publish part page.,,,,,,,,,,,,,,,,,,,,,,RubberTrax research
staged-047,rubbertrax-research-55,staged,Takeuchi,roller,bottom,04313-11000,,,,,,,compact-track-loader,,,,,,STAGED research row - verify before publishing,,,verified-researched,,,NO,,,,staged,NO,NO,,,,,Takeuchi 04313-11000 Bottom Roller,,,,,,RubberTrax URL present but extraction not completed/verified; do not publish part page.,,,,,,,,,,,,,,,,,,,,,,RubberTrax research
staged-048,rubbertrax-research-55,staged,Takeuchi,roller,bottom,05613-07100,,,,,,,compact-track-loader,,,,,,STAGED research row - verify before publishing,,,verified-researched,,,NO,,,,staged,NO,NO,,,,,Takeuchi 05613-07100 Bottom Roller,,,,,,RubberTrax URL present but extraction not completed/verified; do not publish part page.,,,,,,,,,,,,,,,,,,,,,,RubberTrax research
staged-049,rubbertrax-research-55,staged,Takeuchi,roller,bottom,05613-11100,,,,,,,compact-track-loader,,,,,,STAGED research row - verify before publishing,,,verified-researched,,,NO,,,,staged,NO,NO,,,,,Takeuchi 05613-11100 Bottom Roller,,,,,,RubberTrax URL present but extraction not completed/verified; do not publish part page.,,,,,,,,,,,,,,,,,,,,,,RubberTrax research
staged-050,rubbertrax-research-55,staged,Takeuchi,roller,bottom,06813-00038,,,,,,,compact-track-loader,,,,,,STAGED research row - verify before publishing,,,verified-researched,,,NO,,,,staged,NO,NO,,,,,Takeuchi 06813-00038 Bottom Roller,,,,,,RubberTrax URL present but extraction not completed/verified; do not publish part page.,,,,,,,,,,,,,,,,,,,,,,RubberTrax research
staged-051,rubbertrax-research-55,staged,Takeuchi,roller,bottom,880130000,,,,,,,compact-track-loader,,,,,,STAGED research row - verify before publishing,,,verified-researched,,,NO,,,,staged,NO,NO,,,,,Takeuchi 880130000 Bottom Roller,,,,,,RubberTrax URL present but extraction not completed/verified; do not publish part page.,,,,,,,,,,,,,,,,,,,,,,RubberTrax research
staged-052,rubbertrax-research-55,staged,Takeuchi,roller,bottom,881130500,881130500,"RubberTrax machine-family pages reference related drive sprockets 881160110 / 08821-60010, idler 08811-40300, front roller 08811-31300.",,Takeuchi TL10 / TL12 / TL240 / TL250 Bottom Roller 881130500,"Takeuchi TL140, TL150, TL10, TL12, TL240, TL250",,compact-track-loader,,,Bottom track roller down the center of Takeuchi TL undercarriage; front roller and idler are separate parts.,No specific serial break extracted; verify by model and serial before ordering.,,STAGED research row - verify before publishing,,,verified-researched,,,NO,,,,staged,NO,NO,,,,,Takeuchi TL10 / TL12 Bottom Roller 881130500,,,,,,Use as staged RubberTrax-verified enrichment. Create public part page only after owner sets should_publish_part_page=YES.,,,,,,,,,,,,,,,,,,,,Takeuchi 881130500 Bottom Roller | Rubber Track Wholesale,"Replacement bottom roller 881130500 for Takeuchi TL10, TL12, TL140, TL150, TL240 and TL250 track loaders. Verify fitment before ordering.",RubberTrax research
staged-053,rubbertrax-research-55,staged,Takeuchi,sprocket,drive,03516-08210,,,,,,,compact-track-loader,,,,,,STAGED research row - verify before publishing,,,verified-researched,,,NO,,,,staged,NO,NO,,,,,Takeuchi 03516-08210 Drive Sprocket,,,,,,RubberTrax URL present but extraction not completed/verified; do not publish part page.,,,,,,,,,,,,,,,,,,,,,,RubberTrax research
staged-054,rubbertrax-research-55,staged,Takeuchi,sprocket,drive,05516-00120,,,,,,,compact-track-loader,,,,,,STAGED research row - verify before publishing,,,verified-researched,,,NO,,,,staged,NO,NO,,,,,Takeuchi 05516-00120 Drive Sprocket,,,,,,RubberTrax URL present but extraction not completed/verified; do not publish part page.,,,,,,,,,,,,,,,,,,,,,,RubberTrax research
